mean_fit_time,std_fit_time,mean_score_time,std_score_time,param_classifier__learning_rate,param_classifier__max_depth,param_classifier__n_estimators,param_classifier__reg_lambda,params,split0_test_score,split1_test_score,split2_test_score,split3_test_score,split4_test_score,mean_test_score,std_test_score,rank_test_score
0.09589285850524902,0.005556476679642627,0.005157566070556641,0.0002676485142519457,0.01,3,100,0.1,"{'classifier__learning_rate': 0.01, 'classifier__max_depth': 3, 'classifier__n_estimators': 100, 'classifier__reg_lambda': 0.1}",0.2,0.2777777777777778,0.06896551724137931,0.23076923076923078,0.2857142857142857,0.21264536230053474,0.07837547676020874,95
0.09991521835327148,0.004438743783442505,0.0054377555847167965,0.00021996176113845675,0.01,3,100,0.5,"{'classifier__learning_rate': 0.01, 'classifier__max_depth': 3, 'classifier__n_estimators': 100, 'classifier__reg_lambda': 0.5}",0.20689655172413793,0.2857142857142857,0.06896551724137931,0.23076923076923078,0.3448275862068966,0.22743463433118608,0.09243702327231222,58
0.09880971908569336,0.002949112289674351,0.005289125442504883,0.00026552609398793,0.01,3,100,1.0,"{'classifier__learning_rate': 0.01, 'classifier__max_depth': 3, 'classifier__n_estimators': 100, 'classifier__reg_lambda': 1.0}",0.13793103448275862,0.34285714285714286,0.25806451612903225,0.2222222222222222,0.3448275862068966,0.2611805003796105,0.07795613706758121,10
0.19337024688720703,0.008226277854197734,0.0059375762939453125,0.00043044880238234904,0.01,3,200,0.1,"{'classifier__learning_rate': 0.01, 'classifier__max_depth': 3, 'classifier__n_estimators': 200, 'classifier__reg_lambda': 0.1}",0.2962962962962963,0.27586206896551724,0.07692307692307693,0.2,0.2857142857142857,0.2269591455798352,0.08232729839577184,61
0.20261521339416505,0.010974257924591465,0.008657312393188477,0.006139230314270051,0.01,3,200,0.5,"{'classifier__learning_rate': 0.01, 'classifier__max_depth': 3, 'classifier__n_estimators': 200, 'classifier__reg_lambda': 0.5}",0.2222222222222222,0.26666666666666666,0.21428571428571427,0.18181818181818182,0.2608695652173913,0.22917247004203528,0.03137792433535098,53
0.2082367420196533,0.007107840180173884,0.00566568374633789,0.0005522147060652532,0.01,3,200,1.0,"{'classifier__learning_rate': 0.01, 'classifier__max_depth': 3, 'classifier__n_estimators': 200, 'classifier__reg_lambda': 1.0}",0.24,0.3333333333333333,0.23076923076923078,0.18181818181818182,0.2727272727272727,0.25172960372960373,0.05012903059214808,17
0.30455832481384276,0.01278178134198065,0.008802318572998047,0.0059388941333393805,0.01,3,300,0.1,"{'classifier__learning_rate': 0.01, 'classifier__max_depth': 3, 'classifier__n_estimators': 300, 'classifier__reg_lambda': 0.1}",0.2962962962962963,0.26666666666666666,0.2222222222222222,0.19047619047619047,0.2,0.23513227513227514,0.04032509752826092,42
0.30133705139160155,0.018430432685609614,0.005847549438476563,0.00048274148449828916,0.01,3,300,0.5,"{'classifier__learning_rate': 0.01, 'classifier__max_depth': 3, 'classifier__n_estimators': 300, 'classifier__reg_lambda': 0.5}",0.24,0.26666666666666666,0.2222222222222222,0.2727272727272727,0.2857142857142857,0.25746608946608945,0.023076868878479113,14
0.29231939315795896,0.0225331830559628,0.011322259902954102,0.006650267860672288,0.01,3,300,1.0,"{'classifier__learning_rate': 0.01, 'classifier__max_depth': 3, 'classifier__n_estimators': 300, 'classifier__reg_lambda': 1.0}",0.25,0.3333333333333333,0.16,0.2857142857142857,0.2727272727272727,0.26035497835497834,0.057097032655796666,11
0.4570605754852295,0.024794172127266048,0.006290864944458008,0.0004501957821045167,0.01,3,500,0.1,"{'classifier__learning_rate': 0.01, 'classifier__max_depth': 3, 'classifier__n_estimators': 500, 'classifier__reg_lambda': 0.1}",0.17391304347826086,0.07407407407407407,0.17391304347826086,0.43478260869565216,0.3,0.2313365539452496,0.124443860998889,49
0.5131735801696777,0.04627287119860778,0.008952951431274414,0.005017938564854774,0.01,3,500,0.5,"{'classifier__learning_rate': 0.01, 'classifier__max_depth': 3, 'classifier__n_estimators': 500, 'classifier__reg_lambda': 0.5}",0.25,0.07692307692307693,0.25,0.34782608695652173,0.3,0.24494983277591972,0.09154020280296983,21
0.5273558616638183,0.027417583837908086,0.006675624847412109,0.00036141289133735096,0.01,3,500,1.0,"{'classifier__learning_rate': 0.01, 'classifier__max_depth': 3, 'classifier__n_estimators': 500, 'classifier__reg_lambda': 1.0}",0.17391304347826086,0.13793103448275862,0.25,0.2857142857142857,0.21052631578947367,0.21161693589295574,0.052566266526836984,98
0.19558510780334473,0.010390538323197066,0.005898571014404297,0.00034600299786183004,0.01,5,100,0.1,"{'classifier__learning_rate': 0.01, 'classifier__max_depth': 5, 'classifier__n_estimators': 100, 'classifier__reg_lambda': 0.1}",0.16666666666666666,0.25806451612903225,0.21428571428571427,0.2,0.2608695652173913,0.2199772924597609,0.03576681052792651,74
0.18663697242736815,0.007383927230301943,0.005905866622924805,0.0002615683700936545,0.01,5,100,0.5,"{'classifier__learning_rate': 0.01, 'classifier__max_depth': 5, 'classifier__n_estimators': 100, 'classifier__reg_lambda': 0.5}",0.16666666666666666,0.24242424242424243,0.21428571428571427,0.2857142857142857,0.2727272727272727,0.23636363636363633,0.04275426017359788,40
0.17755498886108398,0.009769226033573313,0.0059187889099121095,0.0006937810790876413,0.01,5,100,1.0,"{'classifier__learning_rate': 0.01, 'classifier__max_depth': 5, 'classifier__n_estimators': 100, 'classifier__reg_lambda': 1.0}",0.16,0.3125,0.23076923076923078,0.3157894736842105,0.32,0.26781174089068827,0.06327406540608474,6
0.35460405349731444,0.018159245457726698,0.006409215927124024,0.00047185164090892664,0.01,5,200,0.1,"{'classifier__learning_rate': 0.01, 'classifier__max_depth': 5, 'classifier__n_estimators': 200, 'classifier__reg_lambda': 0.1}",0.25,0.20689655172413793,0.16,0.21052631578947367,0.2727272727272727,0.2200300280481769,0.03883712612971454,73
0.33238649368286133,0.015075974045954569,0.006636571884155273,0.0005610549447273794,0.01,5,200,0.5,"{'classifier__learning_rate': 0.01, 'classifier__max_depth': 5, 'classifier__n_estimators': 200, 'classifier__reg_lambda': 0.5}",0.17391304347826086,0.24,0.08333333333333333,0.2,0.2608695652173913,0.19162318840579712,0.062041743236322125,145
0.3251861572265625,0.006826514783449436,0.0066753864288330075,0.0011458671501447686,0.01,5,200,1.0,"{'classifier__learning_rate': 0.01, 'classifier__max_depth': 5, 'classifier__n_estimators': 200, 'classifier__reg_lambda': 1.0}",0.19047619047619047,0.24,0.15384615384615385,0.2727272727272727,0.3333333333333333,0.23807659007659007,0.06267181324879662,34
0.492124080657959,0.014373295773744207,0.006696653366088867,0.00061342299916718,0.01,5,300,0.1,"{'classifier__learning_rate': 0.01, 'classifier__max_depth': 5, 'classifier__n_estimators': 300, 'classifier__reg_lambda': 0.1}",0.32,0.08695652173913043,0.08,0.2222222222222222,0.21052631578947367,0.18394101195016527,0.09043672149739349,158
0.4856848239898682,0.01759273411642244,0.006399345397949219,0.0005870165108375314,0.01,5,300,0.5,"{'classifier__learning_rate': 0.01, 'classifier__max_depth': 5, 'classifier__n_estimators': 300, 'classifier__reg_lambda': 0.5}",0.2608695652173913,0.08695652173913043,0.08333333333333333,0.3157894736842105,0.2,0.1893897787948131,0.0926707734985875,148
0.5327476024627685,0.018269538701797143,0.007961273193359375,0.002692421223586173,0.01,5,300,1.0,"{'classifier__learning_rate': 0.01, 'classifier__max_depth': 5, 'classifier__n_estimators': 300, 'classifier__reg_lambda': 1.0}",0.25,0.17391304347826086,0.08695652173913043,0.3157894736842105,0.2727272727272727,0.21987726232577492,0.08084588784156932,75
0.797325849533081,0.04710569710342535,0.007443761825561524,0.0013326863386318518,0.01,5,500,0.1,"{'classifier__learning_rate': 0.01, 'classifier__max_depth': 5, 'classifier__n_estimators': 500, 'classifier__reg_lambda': 0.1}",0.32,0.08333333333333333,0.0,0.2222222222222222,0.21052631578947367,0.16721637426900585,0.11246502657746998,177
0.7965240478515625,0.05476929773025325,0.007024192810058593,0.0009922482483961615,0.01,5,500,0.5,"{'classifier__learning_rate': 0.01, 'classifier__max_depth': 5, 'classifier__n_estimators': 500, 'classifier__reg_lambda': 0.5}",0.34782608695652173,0.08,0.09090909090909091,0.38095238095238093,0.21052631578947367,0.22204277492149344,0.12536229600353954,68
0.7898504734039307,0.01835881355710045,0.006622409820556641,0.0003783721509141111,0.01,5,500,1.0,"{'classifier__learning_rate': 0.01, 'classifier__max_depth': 5, 'classifier__n_estimators': 500, 'classifier__reg_lambda': 1.0}",0.24,0.08,0.09523809523809523,0.3157894736842105,0.1111111111111111,0.1684277360066834,0.09305853448769943,176
0.25531439781188964,0.01092841825923879,0.008453941345214844,0.005051375590213674,0.01,7,100,0.1,"{'classifier__learning_rate': 0.01, 'classifier__max_depth': 7, 'classifier__n_estimators': 100, 'classifier__reg_lambda': 0.1}",0.15384615384615385,0.25806451612903225,0.08,0.09523809523809523,0.2727272727272727,0.17197520758811083,0.08029823595463807,169
0.25092153549194335,0.008085098591102173,0.008220863342285157,0.005509861518163848,0.01,7,100,0.5,"{'classifier__learning_rate': 0.01, 'classifier__max_depth': 7, 'classifier__n_estimators': 100, 'classifier__reg_lambda': 0.5}",0.15384615384615385,0.27586206896551724,0.0,0.18181818181818182,0.24,0.17030528092597058,0.09529630405266601,172
0.2519728183746338,0.01630484636755045,0.006662988662719726,0.00045976659070152715,0.01,7,100,1.0,"{'classifier__learning_rate': 0.01, 'classifier__max_depth': 7, 'classifier__n_estimators': 100, 'classifier__reg_lambda': 1.0}",0.14814814814814814,0.2857142857142857,0.08,0.17391304347826086,0.24,0.18555509546813892,0.07165585291079968,154
0.5068682670593262,0.01639152181241875,0.006632661819458008,0.00041439433303751147,0.01,7,200,0.1,"{'classifier__learning_rate': 0.01, 'classifier__max_depth': 7, 'classifier__n_estimators': 200, 'classifier__reg_lambda': 0.1}",0.18181818181818182,0.14814814814814814,0.0,0.09523809523809523,0.2857142857142857,0.1421837421837422,0.0944749598341653,189
0.5003820896148682,0.026023372916454516,0.008090829849243164,0.0032266219813930678,0.01,7,200,0.5,"{'classifier__learning_rate': 0.01, 'classifier__max_depth': 7, 'classifier__n_estimators': 200, 'classifier__reg_lambda': 0.5}",0.16,0.2222222222222222,0.08333333333333333,0.21052631578947367,0.2857142857142857,0.19235923141186298,0.06763249758529927,143
0.46831521987915037,0.02048139221836523,0.007853078842163085,0.00312890549383574,0.01,7,200,1.0,"{'classifier__learning_rate': 0.01, 'classifier__max_depth': 7, 'classifier__n_estimators': 200, 'classifier__reg_lambda': 1.0}",0.18181818181818182,0.2222222222222222,0.0,0.21052631578947367,0.2727272727272727,0.17745879851143007,0.09347078299939057,165
0.6911327838897705,0.022012530999491985,0.006883382797241211,0.0007089260085770407,0.01,7,300,0.1,"{'classifier__learning_rate': 0.01, 'classifier__max_depth': 7, 'classifier__n_estimators': 300, 'classifier__reg_lambda': 0.1}",0.2727272727272727,0.16,0.0,0.2727272727272727,0.2857142857142857,0.19823376623376623,0.10909615324439216,129
0.7226481914520264,0.028201605370686278,0.009220600128173828,0.0055082327965623986,0.01,7,300,0.5,"{'classifier__learning_rate': 0.01, 'classifier__max_depth': 7, 'classifier__n_estimators': 300, 'classifier__reg_lambda': 0.5}",0.2,0.15384615384615385,0.08333333333333333,0.2222222222222222,0.2857142857142857,0.18902319902319903,0.06779322055115326,149
0.7031523227691651,0.047754823746809415,0.00909271240234375,0.00439189172449192,0.01,7,300,1.0,"{'classifier__learning_rate': 0.01, 'classifier__max_depth': 7, 'classifier__n_estimators': 300, 'classifier__reg_lambda': 1.0}",0.19047619047619047,0.21428571428571427,0.0,0.3,0.38095238095238093,0.21714285714285714,0.12772561293470658,82
1.0936402797698974,0.03322455056510024,0.012306737899780273,0.006250891841443748,0.01,7,500,0.1,"{'classifier__learning_rate': 0.01, 'classifier__max_depth': 7, 'classifier__n_estimators': 500, 'classifier__reg_lambda': 0.1}",0.2857142857142857,0.08,0.0,0.2727272727272727,0.21052631578947367,0.1697935748462064,0.11187927215985842,173
1.1007893562316895,0.018283101786466565,0.009560966491699218,0.0060541024903787285,0.01,7,500,0.5,"{'classifier__learning_rate': 0.01, 'classifier__max_depth': 7, 'classifier__n_estimators': 500, 'classifier__reg_lambda': 0.5}",0.21052631578947367,0.08,0.0,0.21052631578947367,0.2,0.14021052631578948,0.08572945915031184,190
1.0943697929382323,0.022782473593109993,0.007091999053955078,0.00047986862252663814,0.01,7,500,1.0,"{'classifier__learning_rate': 0.01, 'classifier__max_depth': 7, 'classifier__n_estimators': 500, 'classifier__reg_lambda': 1.0}",0.21052631578947367,0.08,0.08695652173913043,0.3,0.2857142857142857,0.19263942464857797,0.09419732451551456,141
0.35012354850769045,0.02041794862467709,0.006476926803588867,0.00042526179738092005,0.01,10,100,0.1,"{'classifier__learning_rate': 0.01, 'classifier__max_depth': 10, 'classifier__n_estimators': 100, 'classifier__reg_lambda': 0.1}",0.18181818181818182,0.34285714285714286,0.23076923076923078,0.1,0.36363636363636365,0.2438161838161838,0.09885651928213655,23
0.34920468330383303,0.017612199702304557,0.006323337554931641,0.0002841153689475412,0.01,10,100,0.5,"{'classifier__learning_rate': 0.01, 'classifier__max_depth': 10, 'classifier__n_estimators': 100, 'classifier__reg_lambda': 0.5}",0.16,0.3225806451612903,0.09090909090909091,0.09090909090909091,0.34782608695652173,0.20244498278719875,0.11157986354306836,118
0.32991604804992675,0.01501593467017663,0.008876609802246093,0.005414707718913042,0.01,10,100,1.0,"{'classifier__learning_rate': 0.01, 'classifier__max_depth': 10, 'classifier__n_estimators': 100, 'classifier__reg_lambda': 1.0}",0.16666666666666666,0.375,0.17391304347826086,0.1,0.25,0.21311594202898548,0.09386852585945907,93
0.6569306373596191,0.029401413599207546,0.009833240509033203,0.005199400057433355,0.01,10,200,0.1,"{'classifier__learning_rate': 0.01, 'classifier__max_depth': 10, 'classifier__n_estimators': 200, 'classifier__reg_lambda': 0.1}",0.18181818181818182,0.2222222222222222,0.08695652173913043,0.21052631578947367,0.38095238095238093,0.21649512450427782,0.09497089605198362,85
0.6415048599243164,0.03164537836136621,0.006451272964477539,0.00040529317253030437,0.01,10,200,0.5,"{'classifier__learning_rate': 0.01, 'classifier__max_depth': 10, 'classifier__n_estimators': 200, 'classifier__reg_lambda': 0.5}",0.18181818181818182,0.14285714285714285,0.08695652173913043,0.10526315789473684,0.2857142857142857,0.16052185800469554,0.07057492778989154,180
0.6384971141815186,0.03769317467092435,0.00902552604675293,0.00488712236626349,0.01,10,200,1.0,"{'classifier__learning_rate': 0.01, 'classifier__max_depth': 10, 'classifier__n_estimators': 200, 'classifier__reg_lambda': 1.0}",0.18181818181818182,0.16,0.0,0.2,0.19047619047619047,0.14645887445887446,0.07441508024478596,188
0.9166545391082763,0.03642982084672121,0.006306362152099609,0.00036981967719602036,0.01,10,300,0.1,"{'classifier__learning_rate': 0.01, 'classifier__max_depth': 10, 'classifier__n_estimators': 300, 'classifier__reg_lambda': 0.1}",0.17391304347826086,0.14285714285714285,0.08695652173913043,0.19047619047619047,0.2222222222222222,0.16328502415458937,0.045976616343584874,179
0.9362772941589356,0.03893594797152306,0.009231185913085938,0.004117585435628228,0.01,10,300,0.5,"{'classifier__learning_rate': 0.01, 'classifier__max_depth': 10, 'classifier__n_estimators': 300, 'classifier__reg_lambda': 0.5}",0.18181818181818182,0.15384615384615385,0.08695652173913043,0.1111111111111111,0.2222222222222222,0.15119083814735987,0.04842101677807737,185
0.8804069519042969,0.03605387603065173,0.006662416458129883,0.000454506546686222,0.01,10,300,1.0,"{'classifier__learning_rate': 0.01, 'classifier__max_depth': 10, 'classifier__n_estimators': 300, 'classifier__reg_lambda': 1.0}",0.21052631578947367,0.08695652173913043,0.0,0.10526315789473684,0.19047619047619047,0.11864443717990629,0.0759760034385433,192
1.3922290325164794,0.0473707092877288,0.007415056228637695,0.0006304726227728948,0.01,10,500,0.1,"{'classifier__learning_rate': 0.01, 'classifier__max_depth': 10, 'classifier__n_estimators': 500, 'classifier__reg_lambda': 0.1}",0.18181818181818182,0.07407407407407407,0.09090909090909091,0.19047619047619047,0.2222222222222222,0.1518999518999519,0.05848965848965849,184
1.4827461242675781,0.08403665783936992,0.008806371688842773,0.003652602364316996,0.01,10,500,0.5,"{'classifier__learning_rate': 0.01, 'classifier__max_depth': 10, 'classifier__n_estimators': 500, 'classifier__reg_lambda': 0.5}",0.19047619047619047,0.07692307692307693,0.09090909090909091,0.11764705882352941,0.2222222222222222,0.13963552787082198,0.056913873514191846,191
1.440122127532959,0.03686879390861617,0.007008934020996093,0.0006300787998541061,0.01,10,500,1.0,"{'classifier__learning_rate': 0.01, 'classifier__max_depth': 10, 'classifier__n_estimators': 500, 'classifier__reg_lambda': 1.0}",0.3,0.08695652173913043,0.0,0.2222222222222222,0.3,0.18183574879227052,0.11968538342514679,159
0.09660205841064454,0.013550431993910038,0.010245561599731445,0.00582954386858885,0.05,3,100,0.1,"{'classifier__learning_rate': 0.05, 'classifier__max_depth': 3, 'classifier__n_estimators': 100, 'classifier__reg_lambda': 0.1}",0.16666666666666666,0.13793103448275862,0.24,0.2727272727272727,0.2857142857142857,0.22060785191819673,0.058440473581136035,72
0.1121098518371582,0.016302038976365504,0.005720853805541992,0.00099498638066287,0.05,3,100,0.5,"{'classifier__learning_rate': 0.05, 'classifier__max_depth': 3, 'classifier__n_estimators': 100, 'classifier__reg_lambda': 0.5}",0.25,0.07692307692307693,0.24,0.2857142857142857,0.3157894736842105,0.2336853672643146,0.08285958019082733,43
0.10618824958801269,0.01144880071499063,0.005523681640625,0.0003583681392250764,0.05,3,100,1.0,"{'classifier__learning_rate': 0.05, 'classifier__max_depth': 3, 'classifier__n_estimators': 100, 'classifier__reg_lambda': 1.0}",0.25,0.14285714285714285,0.25,0.36363636363636365,0.3,0.2612987012987013,0.0724631102314056,9
0.20312461853027344,0.009213596851555863,0.005479049682617187,0.00029488850508248694,0.05,3,200,0.1,"{'classifier__learning_rate': 0.05, 'classifier__max_depth': 3, 'classifier__n_estimators': 200, 'classifier__reg_lambda': 0.1}",0.17391304347826086,0.06666666666666667,0.19047619047619047,0.3333333333333333,0.2857142857142857,0.2100207039337474,0.09292109991045044,101
0.1957700729370117,0.0065106173809722015,0.005734825134277343,0.00017415399961949967,0.05,3,200,0.5,"{'classifier__learning_rate': 0.05, 'classifier__max_depth': 3, 'classifier__n_estimators': 200, 'classifier__reg_lambda': 0.5}",0.2608695652173913,0.07407407407407407,0.19047619047619047,0.3,0.36363636363636365,0.23781123868080387,0.09927895687319693,37
0.21787066459655763,0.011684218304603047,0.005965280532836914,0.0004477794523839948,0.05,3,200,1.0,"{'classifier__learning_rate': 0.05, 'classifier__max_depth': 3, 'classifier__n_estimators': 200, 'classifier__reg_lambda': 1.0}",0.18181818181818182,0.07407407407407407,0.1,0.38095238095238093,0.2857142857142857,0.20451178451178453,0.11504506880622078,112
0.31761922836303713,0.025246525639896027,0.006406402587890625,0.0006443135937841532,0.05,3,300,0.1,"{'classifier__learning_rate': 0.05, 'classifier__max_depth': 3, 'classifier__n_estimators': 300, 'classifier__reg_lambda': 0.1}",0.2608695652173913,0.07407407407407407,0.2,0.34782608695652173,0.2727272727272727,0.23109939979505195,0.09150780036173733,50
0.32803144454956057,0.0182196604060347,0.006013059616088867,0.0005280580592270552,0.05,3,300,0.5,"{'classifier__learning_rate': 0.05, 'classifier__max_depth': 3, 'classifier__n_estimators': 300, 'classifier__reg_lambda': 0.5}",0.32,0.08333333333333333,0.1,0.2857142857142857,0.34782608695652173,0.22737474120082815,0.11266207844029581,59
0.28064641952514646,0.015893614558267235,0.008811855316162109,0.0053674685739426575,0.05,3,300,1.0,"{'classifier__learning_rate': 0.05, 'classifier__max_depth': 3, 'classifier__n_estimators': 300, 'classifier__reg_lambda': 1.0}",0.25,0.08,0.1,0.34782608695652173,0.2857142857142857,0.2127080745341615,0.10515894157755518,94
0.4584390640258789,0.038707608682011355,0.008210325241088867,0.003022484035655968,0.05,3,500,0.1,"{'classifier__learning_rate': 0.05, 'classifier__max_depth': 3, 'classifier__n_estimators': 500, 'classifier__reg_lambda': 0.1}",0.2608695652173913,0.07142857142857142,0.2,0.38461538461538464,0.2857142857142857,0.24052556139512662,0.10339621810772184,28
0.49274134635925293,0.025466606332834867,0.009158849716186523,0.004555223747583765,0.05,3,500,0.5,"{'classifier__learning_rate': 0.05, 'classifier__max_depth': 3, 'classifier__n_estimators': 500, 'classifier__reg_lambda': 0.5}",0.24,0.08,0.10526315789473684,0.34782608695652173,0.36363636363636365,0.22734512169752447,0.11820803892952866,60
0.4649364948272705,0.0037019581205795906,0.006550455093383789,0.0005713751185028039,0.05,3,500,1.0,"{'classifier__learning_rate': 0.05, 'classifier__max_depth': 3, 'classifier__n_estimators': 500, 'classifier__reg_lambda': 1.0}",0.25,0.08,0.10526315789473684,0.34782608695652173,0.3,0.21661784897025171,0.1061572952886086,83
0.1823505401611328,0.009554810456260004,0.006086874008178711,0.0003274504127794874,0.05,5,100,0.1,"{'classifier__learning_rate': 0.05, 'classifier__max_depth': 5, 'classifier__n_estimators': 100, 'classifier__reg_lambda': 0.1}",0.3333333333333333,0.07692307692307693,0.0,0.2222222222222222,0.21052631578947367,0.16860098965362122,0.11713312768196207,175
0.16634588241577147,0.008959129584160135,0.005722904205322265,0.000301636256364564,0.05,5,100,0.5,"{'classifier__learning_rate': 0.05, 'classifier__max_depth': 5, 'classifier__n_estimators': 100, 'classifier__reg_lambda': 0.5}",0.3333333333333333,0.07692307692307693,0.09090909090909091,0.3,0.21052631578947367,0.20233836339099498,0.10479503502122568,119
0.17176761627197265,0.008885815428908189,0.00542140007019043,0.0003939994378563493,0.05,5,100,1.0,"{'classifier__learning_rate': 0.05, 'classifier__max_depth': 5, 'classifier__n_estimators': 100, 'classifier__reg_lambda': 1.0}",0.25,0.07407407407407407,0.09090909090909091,0.4,0.11764705882352941,0.18652604476133888,0.12339565214231075,153
0.3181107997894287,0.016520749939646567,0.008331823348999023,0.005189689264467072,0.05,5,200,0.1,"{'classifier__learning_rate': 0.05, 'classifier__max_depth': 5, 'classifier__n_estimators': 200, 'classifier__reg_lambda': 0.1}",0.34782608695652173,0.08695652173913043,0.16666666666666666,0.38095238095238093,0.3,0.25648033126293995,0.11183569747427013,15
0.3373394012451172,0.021608385770122328,0.008473014831542969,0.005611317487051329,0.05,5,200,0.5,"{'classifier__learning_rate': 0.05, 'classifier__max_depth': 5, 'classifier__n_estimators': 200, 'classifier__reg_lambda': 0.5}",0.3333333333333333,0.08333333333333333,0.16666666666666666,0.3157894736842105,0.2222222222222222,0.2242690058479532,0.09322671950929129,64
0.3265537738800049,0.009277045346261944,0.005939579010009766,0.0003957209090748363,0.05,5,200,1.0,"{'classifier__learning_rate': 0.05, 'classifier__max_depth': 5, 'classifier__n_estimators': 200, 'classifier__reg_lambda': 1.0}",0.2608695652173913,0.07692307692307693,0.16666666666666666,0.3157894736842105,0.21052631578947367,0.2061550196561638,0.08159991210813353,109
0.43033618927001954,0.009839677788138804,0.010350942611694336,0.006988437173892538,0.05,5,300,0.1,"{'classifier__learning_rate': 0.05, 'classifier__max_depth': 5, 'classifier__n_estimators': 300, 'classifier__reg_lambda': 0.1}",0.34782608695652173,0.14814814814814814,0.17391304347826086,0.43478260869565216,0.3,0.2809339774557166,0.10732476474498712,3
0.460160493850708,0.024791626613016326,0.006522464752197266,0.0004428602201882606,0.05,5,300,0.5,"{'classifier__learning_rate': 0.05, 'classifier__max_depth': 5, 'classifier__n_estimators': 300, 'classifier__reg_lambda': 0.5}",0.3333333333333333,0.08333333333333333,0.16666666666666666,0.45454545454545453,0.2,0.24757575757575756,0.1311305646180293,19
0.4624628067016602,0.02507422821880996,0.008980846405029297,0.004912460982661557,0.05,5,300,1.0,"{'classifier__learning_rate': 0.05, 'classifier__max_depth': 5, 'classifier__n_estimators': 300, 'classifier__reg_lambda': 1.0}",0.25,0.07692307692307693,0.16666666666666666,0.3157894736842105,0.21052631578947367,0.20398110661268554,0.08024686859442219,114
0.7211978435516357,0.029683841476925613,0.006648349761962891,0.00043082384754175373,0.05,5,500,0.1,"{'classifier__learning_rate': 0.05, 'classifier__max_depth': 5, 'classifier__n_estimators': 500, 'classifier__reg_lambda': 0.1}",0.19047619047619047,0.07407407407407407,0.17391304347826086,0.45454545454545453,0.3,0.238601752514796,0.12959281076695495,33
0.757906723022461,0.037477503058271945,0.009253549575805663,0.004332890957842664,0.05,5,500,0.5,"{'classifier__learning_rate': 0.05, 'classifier__max_depth': 5, 'classifier__n_estimators': 500, 'classifier__reg_lambda': 0.5}",0.18181818181818182,0.07692307692307693,0.16666666666666666,0.45454545454545453,0.21052631578947367,0.2180959391485707,0.12637760505967705,76
0.8080672740936279,0.047991242578923184,0.007115077972412109,0.001159488527240151,0.05,5,500,1.0,"{'classifier__learning_rate': 0.05, 'classifier__max_depth': 5, 'classifier__n_estimators': 500, 'classifier__reg_lambda': 1.0}",0.2608695652173913,0.0,0.16666666666666666,0.38095238095238093,0.21052631578947367,0.2038029857251825,0.12457806313727227,115
0.27852139472961424,0.01745597952674081,0.006257963180541992,0.0005328599750306655,0.05,7,100,0.1,"{'classifier__learning_rate': 0.05, 'classifier__max_depth': 7, 'classifier__n_estimators': 100, 'classifier__reg_lambda': 0.1}",0.21052631578947367,0.08333333333333333,0.0,0.2608695652173913,0.35294117647058826,0.18153407816215733,0.1257879728102541,160
0.23944487571716308,0.013332169812202187,0.005899906158447266,0.00039221443271703874,0.05,7,100,0.5,"{'classifier__learning_rate': 0.05, 'classifier__max_depth': 7, 'classifier__n_estimators': 100, 'classifier__reg_lambda': 0.5}",0.21052631578947367,0.15384615384615385,0.0,0.3,0.3,0.1928744939271255,0.11134371707008865,140
0.2376434326171875,0.015585730358664805,0.006151008605957031,0.0005583585456152111,0.05,7,100,1.0,"{'classifier__learning_rate': 0.05, 'classifier__max_depth': 7, 'classifier__n_estimators': 100, 'classifier__reg_lambda': 1.0}",0.2,0.08,0.08695652173913043,0.2,0.3,0.17339130434782607,0.08202281945381491,168
0.40787363052368164,0.016704754536708343,0.009627246856689453,0.006428204474359946,0.05,7,200,0.1,"{'classifier__learning_rate': 0.05, 'classifier__max_depth': 7, 'classifier__n_estimators': 200, 'classifier__reg_lambda': 0.1}",0.2222222222222222,0.08,0.08695652173913043,0.36363636363636365,0.3333333333333333,0.2172296881862099,0.11894787231787664,81
0.43259778022766116,0.028148817461275545,0.008859729766845703,0.005433304670236426,0.05,7,200,0.5,"{'classifier__learning_rate': 0.05, 'classifier__max_depth': 7, 'classifier__n_estimators': 200, 'classifier__reg_lambda': 0.5}",0.2,0.16666666666666666,0.08695652173913043,0.3157894736842105,0.21052631578947367,0.19598779557589627,0.07392896009939409,134
0.43982734680175783,0.020840459672313627,0.00662078857421875,0.0005780305824027029,0.05,7,200,1.0,"{'classifier__learning_rate': 0.05, 'classifier__max_depth': 7, 'classifier__n_estimators': 200, 'classifier__reg_lambda': 1.0}",0.19047619047619047,0.08695652173913043,0.08695652173913043,0.2857142857142857,0.2222222222222222,0.17446514837819185,0.07775471895871328,166
0.5653924465179443,0.028979121473943395,0.0062061786651611325,0.0003277118173476112,0.05,7,300,0.1,"{'classifier__learning_rate': 0.05, 'classifier__max_depth': 7, 'classifier__n_estimators': 300, 'classifier__reg_lambda': 0.1}",0.2222222222222222,0.08,0.08695652173913043,0.36363636363636365,0.35294117647058826,0.22115125681366093,0.12296636920569963,71
0.5773513317108154,0.013080723014247737,0.009179496765136718,0.005981551460664136,0.05,7,300,0.5,"{'classifier__learning_rate': 0.05, 'classifier__max_depth': 7, 'classifier__n_estimators': 300, 'classifier__reg_lambda': 0.5}",0.2222222222222222,0.16,0.08695652173913043,0.3,0.2222222222222222,0.19828019323671497,0.07120631098686146,128
0.6446738719940186,0.032452100494223125,0.01020054817199707,0.006413033299996837,0.05,7,300,1.0,"{'classifier__learning_rate': 0.05, 'classifier__max_depth': 7, 'classifier__n_estimators': 300, 'classifier__reg_lambda': 1.0}",0.2,0.16666666666666666,0.08333333333333333,0.2857142857142857,0.25,0.19714285714285715,0.0700404806825336,132
0.7944132328033447,0.03960761766951101,0.012076044082641601,0.006847615713842886,0.05,7,500,0.1,"{'classifier__learning_rate': 0.05, 'classifier__max_depth': 7, 'classifier__n_estimators': 500, 'classifier__reg_lambda': 0.1}",0.21052631578947367,0.0,0.09090909090909091,0.38095238095238093,0.35294117647058826,0.20706579282430676,0.14689912883454673,105
0.8400367736816406,0.03772175899677424,0.011478376388549805,0.0070434391311105255,0.05,7,500,0.5,"{'classifier__learning_rate': 0.05, 'classifier__max_depth': 7, 'classifier__n_estimators': 500, 'classifier__reg_lambda': 0.5}",0.2222222222222222,0.16,0.08695652173913043,0.36363636363636365,0.3333333333333333,0.23322968818620993,0.10383278050303366,44
0.9193928241729736,0.04760814304012869,0.006979131698608398,0.0008647928955162912,0.05,7,500,1.0,"{'classifier__learning_rate': 0.05, 'classifier__max_depth': 7, 'classifier__n_estimators': 500, 'classifier__reg_lambda': 1.0}",0.2,0.2222222222222222,0.08333333333333333,0.36363636363636365,0.3333333333333333,0.2405050505050505,0.10045524373713051,29
0.33623738288879396,0.013036335478780449,0.006362438201904297,0.0003925944565090386,0.05,10,100,0.1,"{'classifier__learning_rate': 0.05, 'classifier__max_depth': 10, 'classifier__n_estimators': 100, 'classifier__reg_lambda': 0.1}",0.18181818181818182,0.07692307692307693,0.0,0.2,0.3157894736842105,0.15490614648509388,0.10836829019452779,183
0.3025196075439453,0.017274906935702116,0.0063289165496826175,0.000757244665726627,0.05,10,100,0.5,"{'classifier__learning_rate': 0.05, 'classifier__max_depth': 10, 'classifier__n_estimators': 100, 'classifier__reg_lambda': 0.5}",0.19047619047619047,0.07692307692307693,0.0,0.21052631578947367,0.3157894736842105,0.15874301137459032,0.10976879513769743,181
0.3060931205749512,0.019485473157072213,0.005804777145385742,0.0004146116776563007,0.05,10,100,1.0,"{'classifier__learning_rate': 0.05, 'classifier__max_depth': 10, 'classifier__n_estimators': 100, 'classifier__reg_lambda': 1.0}",0.2857142857142857,0.08333333333333333,0.0,0.2857142857142857,0.2857142857142857,0.18809523809523807,0.12242819173507086,152
0.4478893756866455,0.013490001211406462,0.00624232292175293,0.0003321756070360978,0.05,10,200,0.1,"{'classifier__learning_rate': 0.05, 'classifier__max_depth': 10, 'classifier__n_estimators': 200, 'classifier__reg_lambda': 0.1}",0.18181818181818182,0.07407407407407407,0.08695652173913043,0.34782608695652173,0.23529411764705882,0.18519379644699335,0.10096420525821058,155
0.49390268325805664,0.025241089906449337,0.008877038955688477,0.004800503586951577,0.05,10,200,0.5,"{'classifier__learning_rate': 0.05, 'classifier__max_depth': 10, 'classifier__n_estimators': 200, 'classifier__reg_lambda': 0.5}",0.2,0.07692307692307693,0.09090909090909091,0.21052631578947367,0.3157894736842105,0.17882959146117042,0.08755093373805363,164
0.49965901374816896,0.031698090762487974,0.0069538593292236325,0.0007311986727544462,0.05,10,200,1.0,"{'classifier__learning_rate': 0.05, 'classifier__max_depth': 10, 'classifier__n_estimators': 200, 'classifier__reg_lambda': 1.0}",0.3157894736842105,0.07692307692307693,0.09090909090909091,0.3,0.21052631578947367,0.1988295914611704,0.10055835290993105,127
0.621489429473877,0.012754150863571775,0.006031847000122071,0.00022914928466722835,0.05,10,300,0.1,"{'classifier__learning_rate': 0.05, 'classifier__max_depth': 10, 'classifier__n_estimators': 300, 'classifier__reg_lambda': 0.1}",0.19047619047619047,0.14285714285714285,0.08695652173913043,0.36363636363636365,0.3333333333333333,0.22345191040843213,0.10764712148543021,65
0.6441829681396485,0.017703198328601077,0.006095790863037109,8.342819012930236e-05,0.05,10,300,0.5,"{'classifier__learning_rate': 0.05, 'classifier__max_depth': 10, 'classifier__n_estimators': 300, 'classifier__reg_lambda': 0.5}",0.2,0.14814814814814814,0.09090909090909091,0.21052631578947367,0.2222222222222222,0.174361155413787,0.048800245312418285,167
0.7004540443420411,0.03110360653079581,0.006797266006469726,0.0004433840617294612,0.05,10,300,1.0,"{'classifier__learning_rate': 0.05, 'classifier__max_depth': 10, 'classifier__n_estimators': 300, 'classifier__reg_lambda': 1.0}",0.2222222222222222,0.08333333333333333,0.09090909090909091,0.3,0.21052631578947367,0.18139819245082403,0.08292940590828171,161
0.8498261928558349,0.04740316417725117,0.009557390213012695,0.0057485440880817315,0.05,10,500,0.1,"{'classifier__learning_rate': 0.05, 'classifier__max_depth': 10, 'classifier__n_estimators': 500, 'classifier__reg_lambda': 0.1}",0.19047619047619047,0.07407407407407407,0.09090909090909091,0.3,0.3333333333333333,0.19775853775853774,0.10545285698102906,131
0.911985206604004,0.031807151891643924,0.0069751739501953125,0.000989517254627859,0.05,10,500,0.5,"{'classifier__learning_rate': 0.05, 'classifier__max_depth': 10, 'classifier__n_estimators': 500, 'classifier__reg_lambda': 0.5}",0.21052631578947367,0.14285714285714285,0.09090909090909091,0.21052631578947367,0.3157894736842105,0.1941216678058783,0.07565998610371755,139
0.9739328861236572,0.05630119655372853,0.006705760955810547,0.0003711485844276705,0.05,10,500,1.0,"{'classifier__learning_rate': 0.05, 'classifier__max_depth': 10, 'classifier__n_estimators': 500, 'classifier__reg_lambda': 1.0}",0.2222222222222222,0.07692307692307693,0.09090909090909091,0.38095238095238093,0.3157894736842105,0.21735924893819628,0.12015559193875945,80
0.12446227073669433,0.004630044610355699,0.005924606323242187,0.0003206522874637948,0.1,3,100,0.1,"{'classifier__learning_rate': 0.1, 'classifier__max_depth': 3, 'classifier__n_estimators': 100, 'classifier__reg_lambda': 0.1}",0.32,0.08,0.09090909090909091,0.38095238095238093,0.2857142857142857,0.23151515151515153,0.12314666501291216,48
0.12138257026672364,0.00820019914993275,0.006416845321655274,0.0009715673282139225,0.1,3,100,0.5,"{'classifier__learning_rate': 0.1, 'classifier__max_depth': 3, 'classifier__n_estimators': 100, 'classifier__reg_lambda': 0.5}",0.17391304347826086,0.07692307692307693,0.16666666666666666,0.38095238095238093,0.34782608695652173,0.22925625099538144,0.1159795192708178,52
0.10450859069824218,0.004103064749774868,0.00555887222290039,0.0005897195448910322,0.1,3,100,1.0,"{'classifier__learning_rate': 0.1, 'classifier__max_depth': 3, 'classifier__n_estimators': 100, 'classifier__reg_lambda': 1.0}",0.25,0.08,0.1,0.2857142857142857,0.3157894736842105,0.20630075187969926,0.0974224241335936,108
0.2058797836303711,0.011080574955845557,0.006031656265258789,0.0005312380397866248,0.1,3,200,0.1,"{'classifier__learning_rate': 0.1, 'classifier__max_depth': 3, 'classifier__n_estimators': 200, 'classifier__reg_lambda': 0.1}",0.3333333333333333,0.0,0.10526315789473684,0.38461538461538464,0.36363636363636365,0.2373696478959637,0.15532552517299433,39
0.20540151596069336,0.008936412381891417,0.008606338500976562,0.004303819270082225,0.1,3,200,0.5,"{'classifier__learning_rate': 0.1, 'classifier__max_depth': 3, 'classifier__n_estimators': 200, 'classifier__reg_lambda': 0.5}",0.3333333333333333,0.08695652173913043,0.09523809523809523,0.38095238095238093,0.3333333333333333,0.24596273291925463,0.1276638870687522,20
0.198151159286499,0.0031673921546315877,0.005894374847412109,0.0004241646344177506,0.1,3,200,1.0,"{'classifier__learning_rate': 0.1, 'classifier__max_depth': 3, 'classifier__n_estimators': 200, 'classifier__reg_lambda': 1.0}",0.25,0.14814814814814814,0.1,0.38095238095238093,0.2857142857142857,0.23296296296296296,0.09984641490992438,46
0.2864553451538086,0.018523735378787726,0.008569145202636718,0.0053258252631789,0.1,3,300,0.1,"{'classifier__learning_rate': 0.1, 'classifier__max_depth': 3, 'classifier__n_estimators': 300, 'classifier__reg_lambda': 0.1}",0.2727272727272727,0.0,0.10526315789473684,0.3333333333333333,0.36363636363636365,0.2149920255183413,0.13978208653945734,90
0.29739856719970703,0.019233500809831636,0.009412479400634766,0.005222478248383268,0.1,3,300,0.5,"{'classifier__learning_rate': 0.1, 'classifier__max_depth': 3, 'classifier__n_estimators': 300, 'classifier__reg_lambda': 0.5}",0.17391304347826086,0.08,0.1,0.38095238095238093,0.34782608695652173,0.2165383022774327,0.12514732777545123,84
0.29777207374572756,0.016439189563930322,0.006224584579467773,0.0008373977270925301,0.1,3,300,1.0,"{'classifier__learning_rate': 0.1, 'classifier__max_depth': 3, 'classifier__n_estimators': 300, 'classifier__reg_lambda': 1.0}",0.25,0.08,0.2,0.36363636363636365,0.34782608695652173,0.2482924901185771,0.10379652063508202,18
0.4965460777282715,0.03043172359293772,0.008382749557495118,0.004448860303278269,0.1,3,500,0.1,"{'classifier__learning_rate': 0.1, 'classifier__max_depth': 3, 'classifier__n_estimators': 500, 'classifier__reg_lambda': 0.1}",0.2857142857142857,0.0,0.10526315789473684,0.3076923076923077,0.2857142857142857,0.1968768074031232,0.12265219792503249,133
0.5021580696105957,0.03253174580647532,0.0064236164093017575,0.0004891540876979498,0.1,3,500,0.5,"{'classifier__learning_rate': 0.1, 'classifier__max_depth': 3, 'classifier__n_estimators': 500, 'classifier__reg_lambda': 0.5}",0.19047619047619047,0.0,0.2,0.2857142857142857,0.38095238095238093,0.21142857142857144,0.12611767891235692,99
0.4809864044189453,0.022101512242736022,0.006528615951538086,0.000773833430611714,0.1,3,500,1.0,"{'classifier__learning_rate': 0.1, 'classifier__max_depth': 3, 'classifier__n_estimators': 500, 'classifier__reg_lambda': 1.0}",0.18181818181818182,0.0,0.19047619047619047,0.36363636363636365,0.3333333333333333,0.21385281385281382,0.12962747894173438,92
0.16816334724426268,0.02952055569676432,0.007016468048095703,0.002730762007627936,0.1,5,100,0.1,"{'classifier__learning_rate': 0.1, 'classifier__max_depth': 5, 'classifier__n_estimators': 100, 'classifier__reg_lambda': 0.1}",0.2857142857142857,0.08695652173913043,0.09090909090909091,0.2857142857142857,0.2857142857142857,0.2070016939582157,0.09641094560132134,106
0.1669435977935791,0.012329860879055335,0.006503152847290039,0.0009112199944641383,0.1,5,100,0.5,"{'classifier__learning_rate': 0.1, 'classifier__max_depth': 5, 'classifier__n_estimators': 100, 'classifier__reg_lambda': 0.5}",0.2608695652173913,0.07692307692307693,0.09090909090909091,0.38095238095238093,0.2222222222222222,0.20637526724483246,0.1129497504032057,107
0.18134031295776368,0.009597379927012073,0.00895862579345703,0.005315406399129653,0.1,5,100,1.0,"{'classifier__learning_rate': 0.1, 'classifier__max_depth': 5, 'classifier__n_estimators': 100, 'classifier__reg_lambda': 1.0}",0.2608695652173913,0.0,0.16666666666666666,0.3157894736842105,0.42105263157894735,0.23287566742944316,0.14260689722468048,47
0.30539875030517577,0.009246206482141847,0.006061029434204101,0.0002752625832549643,0.1,5,200,0.1,"{'classifier__learning_rate': 0.1, 'classifier__max_depth': 5, 'classifier__n_estimators': 200, 'classifier__reg_lambda': 0.1}",0.19047619047619047,0.0,0.09523809523809523,0.3,0.2,0.1571428571428571,0.10186470062568333,182
0.3106827735900879,0.019786055285967705,0.009573602676391601,0.0068261791695168805,0.1,5,200,0.5,"{'classifier__learning_rate': 0.1, 'classifier__max_depth': 5, 'classifier__n_estimators': 200, 'classifier__reg_lambda': 0.5}",0.19047619047619047,0.0,0.09523809523809523,0.45454545454545453,0.4,0.228051948051948,0.17431270126952558,57
0.3324604034423828,0.019304228372495565,0.009869623184204101,0.006689542111600335,0.1,5,200,1.0,"{'classifier__learning_rate': 0.1, 'classifier__max_depth': 5, 'classifier__n_estimators': 200, 'classifier__reg_lambda': 1.0}",0.19047619047619047,0.0,0.08333333333333333,0.3157894736842105,0.42105263157894735,0.20213032581453633,0.15228301990873494,121
0.4248653888702393,0.01951528230333814,0.0064203739166259766,0.00025421512224410987,0.1,5,300,0.1,"{'classifier__learning_rate': 0.1, 'classifier__max_depth': 5, 'classifier__n_estimators': 300, 'classifier__reg_lambda': 0.1}",0.19047619047619047,0.0,0.09523809523809523,0.3,0.3157894736842105,0.18030075187969924,0.12044306536345613,163
0.4420170783996582,0.012844408744878164,0.00627288818359375,0.0005143368282175481,0.1,5,300,0.5,"{'classifier__learning_rate': 0.1, 'classifier__max_depth': 5, 'classifier__n_estimators': 300, 'classifier__reg_lambda': 0.5}",0.19047619047619047,0.0,0.09523809523809523,0.45454545454545453,0.3157894736842105,0.21120984278879015,0.16039828390993452,100
0.48598456382751465,0.0316820165153686,0.008658599853515626,0.004266748700644345,0.1,5,300,1.0,"{'classifier__learning_rate': 0.1, 'classifier__max_depth': 5, 'classifier__n_estimators': 300, 'classifier__reg_lambda': 1.0}",0.19047619047619047,0.0,0.08695652173913043,0.4,0.3333333333333333,0.20215320910973084,0.14874416099839896,120
0.6774155139923096,0.04289967180461102,0.006997442245483399,0.0005636324453828152,0.1,5,500,0.1,"{'classifier__learning_rate': 0.1, 'classifier__max_depth': 5, 'classifier__n_estimators': 500, 'classifier__reg_lambda': 0.1}",0.19047619047619047,0.0,0.18181818181818182,0.3,0.3333333333333333,0.20112554112554112,0.11678418131227691,124
0.662161922454834,0.01521216571230085,0.006581783294677734,0.0003219634718097708,0.1,5,500,0.5,"{'classifier__learning_rate': 0.1, 'classifier__max_depth': 5, 'classifier__n_estimators': 500, 'classifier__reg_lambda': 0.5}",0.18181818181818182,0.0,0.18181818181818182,0.5217391304347826,0.3157894736842105,0.24023299355107133,0.17291093571164734,30
0.6945379257202149,0.03807544059472694,0.00666193962097168,0.00043906324011479763,0.1,5,500,1.0,"{'classifier__learning_rate': 0.1, 'classifier__max_depth': 5, 'classifier__n_estimators': 500, 'classifier__reg_lambda': 1.0}",0.2,0.0,0.16666666666666666,0.47619047619047616,0.3,0.22857142857142856,0.15704181455674274,54
0.23518829345703124,0.018892387005472057,0.009421968460083007,0.004974342941090881,0.1,7,100,0.1,"{'classifier__learning_rate': 0.1, 'classifier__max_depth': 7, 'classifier__n_estimators': 100, 'classifier__reg_lambda': 0.1}",0.21052631578947367,0.08,0.09090909090909091,0.36363636363636365,0.3333333333333333,0.2156810207336523,0.11809893733310604,87
0.2180190086364746,0.015569006621718891,0.009694957733154297,0.006705376268444582,0.1,7,100,0.5,"{'classifier__learning_rate': 0.1, 'classifier__max_depth': 7, 'classifier__n_estimators': 100, 'classifier__reg_lambda': 0.5}",0.2222222222222222,0.16,0.08695652173913043,0.3,0.21052631578947367,0.19594101195016528,0.0705706476404542,135
0.22579917907714844,0.01713555219973631,0.006259346008300781,0.000477832199445495,0.1,7,100,1.0,"{'classifier__learning_rate': 0.1, 'classifier__max_depth': 7, 'classifier__n_estimators': 100, 'classifier__reg_lambda': 1.0}",0.21052631578947367,0.08,0.08695652173913043,0.3157894736842105,0.2857142857142857,0.19579731938542005,0.09793412037819227,136
0.35675711631774903,0.018442568643024782,0.006346559524536133,0.0002909568596377862,0.1,7,200,0.1,"{'classifier__learning_rate': 0.1, 'classifier__max_depth': 7, 'classifier__n_estimators': 200, 'classifier__reg_lambda': 0.1}",0.2222222222222222,0.08,0.09090909090909091,0.38095238095238093,0.3157894736842105,0.2179746335535809,0.11944051468262293,78
0.37958273887634275,0.010906119452485104,0.0061190128326416016,0.0002941931082149247,0.1,7,200,0.5,"{'classifier__learning_rate': 0.1, 'classifier__max_depth': 7, 'classifier__n_estimators': 200, 'classifier__reg_lambda': 0.5}",0.2222222222222222,0.15384615384615385,0.09090909090909091,0.3,0.21052631578947367,0.1955007565533881,0.07004915201158118,137
0.40441226959228516,0.02037829380305808,0.006582832336425782,0.0006306799675233971,0.1,7,200,1.0,"{'classifier__learning_rate': 0.1, 'classifier__max_depth': 7, 'classifier__n_estimators': 200, 'classifier__reg_lambda': 1.0}",0.21052631578947367,0.08,0.08333333333333333,0.3157894736842105,0.3,0.19792982456140348,0.10149649109160816,130
0.4947368621826172,0.024802335240263342,0.006932401657104492,0.0006542522176705893,0.1,7,300,0.1,"{'classifier__learning_rate': 0.1, 'classifier__max_depth': 7, 'classifier__n_estimators': 300, 'classifier__reg_lambda': 0.1}",0.2222222222222222,0.08333333333333333,0.09523809523809523,0.38095238095238093,0.3,0.21634920634920635,0.11531459265161396,86
0.4822099208831787,0.013508505246653799,0.009853792190551759,0.00728975701254564,0.1,7,300,0.5,"{'classifier__learning_rate': 0.1, 'classifier__max_depth': 7, 'classifier__n_estimators': 300, 'classifier__reg_lambda': 0.5}",0.21052631578947367,0.14814814814814814,0.09090909090909091,0.4,0.21052631578947367,0.21202197412723728,0.10400808461400203,96
0.515647554397583,0.026339289938267695,0.007073879241943359,0.0006598502505152353,0.1,7,300,1.0,"{'classifier__learning_rate': 0.1, 'classifier__max_depth': 7, 'classifier__n_estimators': 300, 'classifier__reg_lambda': 1.0}",0.21052631578947367,0.08,0.08333333333333333,0.4,0.2857142857142857,0.21191478696741856,0.1222775878632926,97
0.6415030002593994,0.03541726495732341,0.00655207633972168,0.0003406843357940955,0.1,7,500,0.1,"{'classifier__learning_rate': 0.1, 'classifier__max_depth': 7, 'classifier__n_estimators': 500, 'classifier__reg_lambda': 0.1}",0.2222222222222222,0.0,0.1,0.45454545454545453,0.3333333333333333,0.222020202020202,0.16164191713968942,69
0.7134113311767578,0.041278540597617916,0.00901622772216797,0.00468678459459766,0.1,7,500,0.5,"{'classifier__learning_rate': 0.1, 'classifier__max_depth': 7, 'classifier__n_estimators': 500, 'classifier__reg_lambda': 0.5}",0.2,0.14814814814814814,0.09090909090909091,0.4,0.23529411764705882,0.2148702713408596,0.10462264657183727,91
0.7548523902893066,0.03899620370640296,0.0063918113708496095,0.00016608624969938592,0.1,7,500,1.0,"{'classifier__learning_rate': 0.1, 'classifier__max_depth': 7, 'classifier__n_estimators': 500, 'classifier__reg_lambda': 1.0}",0.2,0.07692307692307693,0.16,0.3,0.3,0.20738461538461542,0.08541108390857634,103
0.27726006507873535,0.012129074223908588,0.006323862075805664,0.00048411425035953113,0.1,10,100,0.1,"{'classifier__learning_rate': 0.1, 'classifier__max_depth': 10, 'classifier__n_estimators': 100, 'classifier__reg_lambda': 0.1}",0.2,0.15384615384615385,0.08695652173913043,0.4,0.35294117647058826,0.2387487704111745,0.11898964065029077,32
0.2644503116607666,0.01771715866940049,0.006042051315307617,0.0004027893010328587,0.1,10,100,0.5,"{'classifier__learning_rate': 0.1, 'classifier__max_depth': 10, 'classifier__n_estimators': 100, 'classifier__reg_lambda': 0.5}",0.2,0.07407407407407407,0.08695652173913043,0.2857142857142857,0.21052631578947367,0.17145423946339278,0.08002450458973275,171
0.26151742935180666,0.018204790226784295,0.008897352218627929,0.005760958758414561,0.1,10,100,1.0,"{'classifier__learning_rate': 0.1, 'classifier__max_depth': 10, 'classifier__n_estimators': 100, 'classifier__reg_lambda': 1.0}",0.2222222222222222,0.07407407407407407,0.08695652173913043,0.25,0.2,0.16665056360708533,0.07220674403334636,178
0.3857776641845703,0.01954667867459018,0.009236478805541992,0.004860563030370939,0.1,10,200,0.1,"{'classifier__learning_rate': 0.1, 'classifier__max_depth': 10, 'classifier__n_estimators': 200, 'classifier__reg_lambda': 0.1}",0.2,0.08333333333333333,0.08695652173913043,0.4,0.35294117647058826,0.2246462063086104,0.13171466518319172,63
0.38449997901916505,0.008571757526233128,0.011873674392700196,0.006913940915860657,0.1,10,200,0.5,"{'classifier__learning_rate': 0.1, 'classifier__max_depth': 10, 'classifier__n_estimators': 200, 'classifier__reg_lambda': 0.5}",0.2222222222222222,0.07692307692307693,0.16666666666666666,0.2857142857142857,0.2,0.1903052503052503,0.06874571285975399,147
0.42188363075256347,0.014165462571998888,0.009782552719116211,0.006399363162244104,0.1,10,200,1.0,"{'classifier__learning_rate': 0.1, 'classifier__max_depth': 10, 'classifier__n_estimators': 200, 'classifier__reg_lambda': 1.0}",0.2222222222222222,0.07692307692307693,0.08695652173913043,0.32,0.2,0.18122036417688592,0.09061700781161162,162
0.5003725051879883,0.028892387468967308,0.0069160938262939455,0.00046302074982882064,0.1,10,300,0.1,"{'classifier__learning_rate': 0.1, 'classifier__max_depth': 10, 'classifier__n_estimators': 300, 'classifier__reg_lambda': 0.1}",0.21052631578947367,0.08,0.09090909090909091,0.4166666666666667,0.35294117647058826,0.23020864996716392,0.13578237367997337,51
0.5025636672973632,0.008477315697145209,0.006443548202514649,0.0005039621835950865,0.1,10,300,0.5,"{'classifier__learning_rate': 0.1, 'classifier__max_depth': 10, 'classifier__n_estimators': 300, 'classifier__reg_lambda': 0.5}",0.2222222222222222,0.07692307692307693,0.16666666666666666,0.2857142857142857,0.21052631578947367,0.19241051346314503,0.06917023613640795,142
0.5842030048370361,0.03892916495445637,0.00689845085144043,0.0006763541926540352,0.1,10,300,1.0,"{'classifier__learning_rate': 0.1, 'classifier__max_depth': 10, 'classifier__n_estimators': 300, 'classifier__reg_lambda': 1.0}",0.2222222222222222,0.08,0.16,0.34782608695652173,0.21052631578947367,0.2041149249936435,0.08760424582285281,113
0.6914704322814942,0.02367720276790537,0.006610584259033203,0.0002773157747152563,0.1,10,500,0.1,"{'classifier__learning_rate': 0.1, 'classifier__max_depth': 10, 'classifier__n_estimators': 500, 'classifier__reg_lambda': 0.1}",0.21052631578947367,0.07692307692307693,0.09090909090909091,0.43478260869565216,0.35294117647058826,0.2332164537575764,0.14153216706421254,45
0.7245540618896484,0.025413580671762356,0.006622886657714844,0.00046568427101635206,0.1,10,500,0.5,"{'classifier__learning_rate': 0.1, 'classifier__max_depth': 10, 'classifier__n_estimators': 500, 'classifier__reg_lambda': 0.5}",0.2222222222222222,0.14814814814814814,0.16666666666666666,0.36363636363636365,0.21052631578947367,0.22223994329257488,0.07577353133122221,67
0.7604018688201905,0.036213106546140336,0.006637763977050781,0.0008252781941732038,0.1,10,500,1.0,"{'classifier__learning_rate': 0.1, 'classifier__max_depth': 10, 'classifier__n_estimators': 500, 'classifier__reg_lambda': 1.0}",0.21052631578947367,0.15384615384615385,0.16666666666666666,0.4,0.21052631578947367,0.2283130904183536,0.08883100790705252,56
0.11851887702941895,0.008301413891669166,0.005988073348999023,0.0007843716075190213,0.3,3,100,0.1,"{'classifier__learning_rate': 0.3, 'classifier__max_depth': 3, 'classifier__n_estimators': 100, 'classifier__reg_lambda': 0.1}",0.25,0.14814814814814814,0.16666666666666666,0.45454545454545453,0.36363636363636365,0.27659932659932657,0.11707492422214955,4
0.10594592094421387,0.00849542634953733,0.005912876129150391,0.0006087462839837891,0.3,3,100,0.5,"{'classifier__learning_rate': 0.3, 'classifier__max_depth': 3, 'classifier__n_estimators': 100, 'classifier__reg_lambda': 0.5}",0.19047619047619047,0.0,0.10526315789473684,0.36363636363636365,0.34782608695652173,0.20144035979276254,0.13977468333519466,123
0.1118891716003418,0.0035472880929934307,0.005551910400390625,0.0003499986235387,0.3,3,100,1.0,"{'classifier__learning_rate': 0.3, 'classifier__max_depth': 3, 'classifier__n_estimators': 100, 'classifier__reg_lambda': 1.0}",0.2857142857142857,0.08,0.2,0.36363636363636365,0.25,0.23587012987012987,0.0944356576671572,41
0.19192051887512207,0.014640280788216446,0.0057528972625732425,0.0004643276009560806,0.3,3,200,0.1,"{'classifier__learning_rate': 0.3, 'classifier__max_depth': 3, 'classifier__n_estimators': 200, 'classifier__reg_lambda': 0.1}",0.25,0.14285714285714285,0.16666666666666666,0.5,0.2857142857142857,0.2690476190476191,0.12679549481613664,5
0.19678311347961425,0.009108710985665935,0.005574512481689453,0.0003464531704154729,0.3,3,200,0.5,"{'classifier__learning_rate': 0.3, 'classifier__max_depth': 3, 'classifier__n_estimators': 200, 'classifier__reg_lambda': 0.5}",0.19047619047619047,0.0,0.2,0.43478260869565216,0.36363636363636365,0.23777903256164126,0.15156131385775592,38
0.19839224815368653,0.01015436312548269,0.008519983291625977,0.006052845867507303,0.3,3,200,1.0,"{'classifier__learning_rate': 0.3, 'classifier__max_depth': 3, 'classifier__n_estimators': 200, 'classifier__reg_lambda': 1.0}",0.19047619047619047,0.0,0.19047619047619047,0.36363636363636365,0.2727272727272727,0.20346320346320343,0.12015619227241951,117
0.2807146072387695,0.02280410318076856,0.006348466873168946,0.00045667196768742235,0.3,3,300,0.1,"{'classifier__learning_rate': 0.3, 'classifier__max_depth': 3, 'classifier__n_estimators': 300, 'classifier__reg_lambda': 0.1}",0.2608695652173913,0.14285714285714285,0.16666666666666666,0.43478260869565216,0.2857142857142857,0.25817805383022774,0.10356437957849782,13
0.3031278610229492,0.02124366645152474,0.006468629837036133,0.00043426718957661077,0.3,3,300,0.5,"{'classifier__learning_rate': 0.3, 'classifier__max_depth': 3, 'classifier__n_estimators': 300, 'classifier__reg_lambda': 0.5}",0.19047619047619047,0.0,0.2,0.43478260869565216,0.38095238095238093,0.24124223602484474,0.1545656690888841,27
0.2929859161376953,0.024202029583562153,0.008307981491088866,0.004364370205105866,0.3,3,300,1.0,"{'classifier__learning_rate': 0.3, 'classifier__max_depth': 3, 'classifier__n_estimators': 300, 'classifier__reg_lambda': 1.0}",0.19047619047619047,0.0,0.19047619047619047,0.36363636363636365,0.2608695652173913,0.20109166196122716,0.1188759107139795,125
0.4403225898742676,0.02927548564393732,0.006537055969238282,0.0002709482386741809,0.3,3,500,0.1,"{'classifier__learning_rate': 0.3, 'classifier__max_depth': 3, 'classifier__n_estimators': 500, 'classifier__reg_lambda': 0.1}",0.2608695652173913,0.14285714285714285,0.17391304347826086,0.4166666666666667,0.2857142857142857,0.25600414078674943,0.09618732108382551,16
0.4531543731689453,0.02090150323474457,0.009669351577758788,0.006214198551086104,0.3,3,500,0.5,"{'classifier__learning_rate': 0.3, 'classifier__max_depth': 3, 'classifier__n_estimators': 500, 'classifier__reg_lambda': 0.5}",0.18181818181818182,0.07407407407407407,0.19047619047619047,0.45454545454545453,0.3157894736842105,0.2433406749196223,0.13045086463026678,24
0.46349310874938965,0.030091577277842663,0.009206247329711915,0.006434294117096242,0.3,3,500,1.0,"{'classifier__learning_rate': 0.3, 'classifier__max_depth': 3, 'classifier__n_estimators': 500, 'classifier__reg_lambda': 1.0}",0.2727272727272727,0.08,0.19047619047619047,0.2727272727272727,0.2727272727272727,0.21773160173160172,0.07587677252367342,79
0.15466203689575195,0.019541212718634283,0.006107139587402344,0.000581340288066707,0.3,5,100,0.1,"{'classifier__learning_rate': 0.3, 'classifier__max_depth': 5, 'classifier__n_estimators': 100, 'classifier__reg_lambda': 0.1}",0.32,0.07407407407407407,0.17391304347826086,0.3,0.2222222222222222,0.21804186795491143,0.08922348377512551,77
0.1393904685974121,0.0038365119918465085,0.005768013000488281,0.00042133257905992003,0.3,5,100,0.5,"{'classifier__learning_rate': 0.3, 'classifier__max_depth': 5, 'classifier__n_estimators': 100, 'classifier__reg_lambda': 0.5}",0.19047619047619047,0.16,0.09523809523809523,0.36363636363636365,0.38095238095238093,0.23806060606060608,0.11396783286976446,35
0.1538248062133789,0.015743909180246565,0.009397220611572266,0.0070628081321678195,0.3,5,100,1.0,"{'classifier__learning_rate': 0.3, 'classifier__max_depth': 5, 'classifier__n_estimators': 100, 'classifier__reg_lambda': 1.0}",0.2857142857142857,0.0,0.1,0.2727272727272727,0.2857142857142857,0.18883116883116882,0.11777896229885729,151
0.2310617446899414,0.027575920759568807,0.008951425552368164,0.0038882670613520458,0.3,5,200,0.1,"{'classifier__learning_rate': 0.3, 'classifier__max_depth': 5, 'classifier__n_estimators': 200, 'classifier__reg_lambda': 0.1}",0.25,0.07407407407407407,0.17391304347826086,0.3157894736842105,0.2222222222222222,0.20719976269175353,0.080845178685363,104
0.2607388496398926,0.015280137347381746,0.006079721450805664,0.00026729282882671877,0.3,5,200,0.5,"{'classifier__learning_rate': 0.3, 'classifier__max_depth': 5, 'classifier__n_estimators': 200, 'classifier__reg_lambda': 0.5}",0.2608695652173913,0.15384615384615385,0.17391304347826086,0.2857142857142857,0.3157894736842105,0.23802650438806044,0.06330857224233545,36
0.28232436180114745,0.015878229393668324,0.009620428085327148,0.006053171513999262,0.3,5,200,1.0,"{'classifier__learning_rate': 0.3, 'classifier__max_depth': 5, 'classifier__n_estimators': 200, 'classifier__reg_lambda': 1.0}",0.18181818181818182,0.0,0.09523809523809523,0.2857142857142857,0.2857142857142857,0.1696969696969697,0.11082251082251082,174
0.30350518226623535,0.011988595270456849,0.009315776824951171,0.0058501677005242435,0.3,5,300,0.1,"{'classifier__learning_rate': 0.3, 'classifier__max_depth': 5, 'classifier__n_estimators': 300, 'classifier__reg_lambda': 0.1}",0.25,0.07692307692307693,0.25,0.3157894736842105,0.2222222222222222,0.22298695456590192,0.07925523070380773,66
0.33799147605895996,0.02207857743015609,0.006168365478515625,0.00028730714935830924,0.3,5,300,0.5,"{'classifier__learning_rate': 0.3, 'classifier__max_depth': 5, 'classifier__n_estimators': 300, 'classifier__reg_lambda': 0.5}",0.3333333333333333,0.14814814814814814,0.17391304347826086,0.21052631578947367,0.3333333333333333,0.23985083481650987,0.07886070953627668,31
0.36773066520690917,0.0202871081770939,0.006284332275390625,0.0005158775491837081,0.3,5,300,1.0,"{'classifier__learning_rate': 0.3, 'classifier__max_depth': 5, 'classifier__n_estimators': 300, 'classifier__reg_lambda': 1.0}",0.2608695652173913,0.0,0.09090909090909091,0.2857142857142857,0.3157894736842105,0.19065648310499567,0.1232262673846577,146
0.4511589050292969,0.032784503261426866,0.011669588088989259,0.006653434459288579,0.3,5,500,0.1,"{'classifier__learning_rate': 0.3, 'classifier__max_depth': 5, 'classifier__n_estimators': 500, 'classifier__reg_lambda': 0.1}",0.25,0.07692307692307693,0.17391304347826086,0.2857142857142857,0.2222222222222222,0.20175452566756916,0.07232403809116743,122
0.48047375679016113,0.026255168288378622,0.006111240386962891,0.0003378307507054785,0.3,5,500,0.5,"{'classifier__learning_rate': 0.3, 'classifier__max_depth': 5, 'classifier__n_estimators': 500, 'classifier__reg_lambda': 0.5}",0.3333333333333333,0.14814814814814814,0.18181818181818182,0.21052631578947367,0.3333333333333333,0.24143186248449405,0.07759195291761668,26
0.4948380470275879,0.01618058821460752,0.009393882751464844,0.00587326860356684,0.3,5,500,1.0,"{'classifier__learning_rate': 0.3, 'classifier__max_depth': 5, 'classifier__n_estimators': 500, 'classifier__reg_lambda': 1.0}",0.25,0.0,0.09523809523809523,0.2727272727272727,0.4,0.2035930735930736,0.14049894092018153,116
0.16240367889404297,0.02182173955261683,0.012584447860717773,0.008251072400086134,0.3,7,100,0.1,"{'classifier__learning_rate': 0.3, 'classifier__max_depth': 7, 'classifier__n_estimators': 100, 'classifier__reg_lambda': 0.1}",0.21052631578947367,0.08333333333333333,0.08695652173913043,0.32,0.3,0.2001632341723875,0.10089658981903338,126
0.1624201774597168,0.012256506564023838,0.00609135627746582,0.0007263075371695323,0.3,7,100,0.5,"{'classifier__learning_rate': 0.3, 'classifier__max_depth': 7, 'classifier__n_estimators': 100, 'classifier__reg_lambda': 0.5}",0.2857142857142857,0.15384615384615385,0.17391304347826086,0.3333333333333333,0.38095238095238093,0.2655518394648829,0.08853696319033612,7
0.15393528938293458,0.006639330837127442,0.005568647384643554,0.00021670990352370476,0.3,7,100,1.0,"{'classifier__learning_rate': 0.3, 'classifier__max_depth': 7, 'classifier__n_estimators': 100, 'classifier__reg_lambda': 1.0}",0.3,0.08,0.17391304347826086,0.2857142857142857,0.2,0.20792546583850932,0.08014162842404741,102
0.23702502250671387,0.01839822247048404,0.006549406051635742,0.0005370813668599535,0.3,7,200,0.1,"{'classifier__learning_rate': 0.3, 'classifier__max_depth': 7, 'classifier__n_estimators': 200, 'classifier__reg_lambda': 0.1}",0.21052631578947367,0.08,0.16666666666666666,0.32,0.3,0.21543859649122807,0.08812509645624911,88
0.2722168445587158,0.01567667873542601,0.005925416946411133,0.00018322147479511665,0.3,7,200,0.5,"{'classifier__learning_rate': 0.3, 'classifier__max_depth': 7, 'classifier__n_estimators': 200, 'classifier__reg_lambda': 0.5}",0.2727272727272727,0.2222222222222222,0.17391304347826086,0.4166666666666667,0.42105263157894735,0.301316367334674,0.10094284678208494,1
0.27424135208129885,0.004719165355633222,0.005471372604370117,0.0001846928016400363,0.3,7,200,1.0,"{'classifier__learning_rate': 0.3, 'classifier__max_depth': 7, 'classifier__n_estimators': 200, 'classifier__reg_lambda': 1.0}",0.2857142857142857,0.15384615384615385,0.17391304347826086,0.36363636363636365,0.3157894736842105,0.2585798640718549,0.08146619536677029,12
0.32771949768066405,0.02301386383718542,0.006620359420776367,0.0001455266384492731,0.3,7,300,0.1,"{'classifier__learning_rate': 0.3, 'classifier__max_depth': 7, 'classifier__n_estimators': 300, 'classifier__reg_lambda': 0.1}",0.21052631578947367,0.08,0.16666666666666666,0.32,0.3,0.21543859649122807,0.08812509645624911,88
0.3391579151153564,0.0173159837059506,0.008045530319213868,0.0037928809884183964,0.3,7,300,0.5,"{'classifier__learning_rate': 0.3, 'classifier__max_depth': 7, 'classifier__n_estimators': 300, 'classifier__reg_lambda': 0.5}",0.2727272727272727,0.2222222222222222,0.17391304347826086,0.4166666666666667,0.42105263157894735,0.301316367334674,0.10094284678208494,1
0.3715821743011475,0.02145255319868969,0.008651161193847656,0.0046264648068902675,0.3,7,300,1.0,"{'classifier__learning_rate': 0.3, 'classifier__max_depth': 7, 'classifier__n_estimators': 300, 'classifier__reg_lambda': 1.0}",0.2857142857142857,0.15384615384615385,0.17391304347826086,0.2857142857142857,0.3157894736842105,0.24299544848743934,0.06583121391751279,25
0.4758279323577881,0.009907376584606283,0.006451654434204102,0.0003327579811461289,0.3,7,500,0.1,"{'classifier__learning_rate': 0.3, 'classifier__max_depth': 7, 'classifier__n_estimators': 500, 'classifier__reg_lambda': 0.1}",0.21052631578947367,0.08,0.16666666666666666,0.38461538461538464,0.3,0.22836167341430502,0.10552993137266672,55
0.500819730758667,0.02957609769294676,0.00659785270690918,0.00041291087549619177,0.3,7,500,0.5,"{'classifier__learning_rate': 0.3, 'classifier__max_depth': 7, 'classifier__n_estimators': 500, 'classifier__reg_lambda': 0.5}",0.2727272727272727,0.2222222222222222,0.17391304347826086,0.3333333333333333,0.3157894736842105,0.26359706908905994,0.059035000922603505,8
0.5105928421020508,0.023560312345635444,0.009325885772705078,0.005288490768993502,0.3,7,500,1.0,"{'classifier__learning_rate': 0.3, 'classifier__max_depth': 7, 'classifier__n_estimators': 500, 'classifier__reg_lambda': 1.0}",0.3,0.16,0.17391304347826086,0.2727272727272727,0.3157894736842105,0.2444859579779488,0.06493379001552511,22
0.18308606147766113,0.013794034488903217,0.006032228469848633,0.0005235563426464149,0.3,10,100,0.1,"{'classifier__learning_rate': 0.3, 'classifier__max_depth': 10, 'classifier__n_estimators': 100, 'classifier__reg_lambda': 0.1}",0.19047619047619047,0.0,0.16666666666666666,0.3333333333333333,0.23529411764705882,0.18515406162464987,0.1087412131125965,156
0.16301803588867186,0.01332363244295501,0.00564727783203125,0.00016215987383494537,0.3,10,100,0.5,"{'classifier__learning_rate': 0.3, 'classifier__max_depth': 10, 'classifier__n_estimators': 100, 'classifier__reg_lambda': 0.5}",0.21052631578947367,0.14285714285714285,0.09090909090909091,0.36363636363636365,0.2222222222222222,0.20603022708285862,0.09204977388793689,110
0.17451853752136232,0.011029446401885523,0.009366989135742188,0.006559332093256129,0.3,10,100,1.0,"{'classifier__learning_rate': 0.3, 'classifier__max_depth': 10, 'classifier__n_estimators': 100, 'classifier__reg_lambda': 1.0}",0.2,0.07692307692307693,0.16,0.2857142857142857,0.2222222222222222,0.18897191697191698,0.06925402783046687,150
0.23610706329345704,0.01370693963184754,0.005755710601806641,0.00025330734334792613,0.3,10,200,0.1,"{'classifier__learning_rate': 0.3, 'classifier__max_depth': 10, 'classifier__n_estimators': 200, 'classifier__reg_lambda': 0.1}",0.19047619047619047,0.0,0.16666666666666666,0.25,0.35294117647058826,0.19201680672268906,0.11556310885801752,144
0.26985821723937986,0.020499508463621374,0.006108903884887695,0.0005061486974943099,0.3,10,200,0.5,"{'classifier__learning_rate': 0.3, 'classifier__max_depth': 10, 'classifier__n_estimators': 200, 'classifier__reg_lambda': 0.5}",0.21052631578947367,0.14285714285714285,0.08695652173913043,0.36363636363636365,0.2222222222222222,0.20523971324886653,0.09304660242463313,111
0.2987088680267334,0.013054391511412496,0.006277275085449219,0.0006039065971596068,0.3,10,200,1.0,"{'classifier__learning_rate': 0.3, 'classifier__max_depth': 10, 'classifier__n_estimators': 200, 'classifier__reg_lambda': 1.0}",0.1111111111111111,0.0,0.16,0.2727272727272727,0.21052631578947367,0.1508729399255715,0.0925569596870657,186
0.3159921169281006,0.013636996472529273,0.005924320220947266,0.0003328873116197789,0.3,10,300,0.1,"{'classifier__learning_rate': 0.3, 'classifier__max_depth': 10, 'classifier__n_estimators': 300, 'classifier__reg_lambda': 0.1}",0.2,0.0,0.16,0.2608695652173913,0.35294117647058826,0.19476214833759592,0.11709733727098591,138
0.34848456382751464,0.024384585401417157,0.005973434448242188,0.00025338933661849525,0.3,10,300,0.5,"{'classifier__learning_rate': 0.3, 'classifier__max_depth': 10, 'classifier__n_estimators': 300, 'classifier__reg_lambda': 0.5}",0.21052631578947367,0.14814814814814814,0.08695652173913043,0.36363636363636365,0.3157894736842105,0.2250113645994653,0.10260064889311724,62
0.39388389587402345,0.01810308676554953,0.008684682846069335,0.005287744534702019,0.3,10,300,1.0,"{'classifier__learning_rate': 0.3, 'classifier__max_depth': 10, 'classifier__n_estimators': 300, 'classifier__reg_lambda': 1.0}",0.1111111111111111,0.0,0.16,0.2727272727272727,0.21052631578947367,0.1508729399255715,0.0925569596870657,186
0.4527024745941162,0.03217862824210532,0.008028554916381835,0.0031734425032222003,0.3,10,500,0.1,"{'classifier__learning_rate': 0.3, 'classifier__max_depth': 10, 'classifier__n_estimators': 500, 'classifier__reg_lambda': 0.1}",0.1111111111111111,0.07692307692307693,0.16,0.2608695652173913,0.3157894736842105,0.18493864538715796,0.0901412754890188,157
0.4374587059020996,0.011555917849913241,0.006751585006713867,0.0006652601845339745,0.3,10,500,0.5,"{'classifier__learning_rate': 0.3, 'classifier__max_depth': 10, 'classifier__n_estimators': 500, 'classifier__reg_lambda': 0.5}",0.21052631578947367,0.14814814814814814,0.08695652173913043,0.36363636363636365,0.3,0.2218534698626232,0.09996722925122126,70
0.39180240631103513,0.015185219537789814,0.0059849262237548825,0.00012336401191861875,0.3,10,500,1.0,"{'classifier__learning_rate': 0.3, 'classifier__max_depth': 10, 'classifier__n_estimators': 500, 'classifier__reg_lambda': 1.0}",0.1111111111111111,0.08,0.16,0.2857142857142857,0.2222222222222222,0.1718095238095238,0.07452313166349928,170
