Age,Gender,Marital_Status,Income_Level,Transaction_Frequency,Total_Monetary_Value,Avg_Transaction_Value,Category_Diversity,Total_Interactions,Complaint_Count,Unresolved_Complaint_Ratio,Login_Frequency,Days_Since_Last_Login,Service_Channel,Churn
62,Male,Single,Low,1,416.5,416.5,1,1.0,0.0,0.0,34,72,Mobile App,0
65,Male,Married,Low,7,1547.4199999999998,221.05999999999997,4,1.0,0.0,0.0,5,27,Website,1
18,Male,Single,Low,6,1702.98,283.83,4,1.0,0.0,0.0,3,47,Website,0
21,Male,Widowed,Low,5,917.29,183.458,4,2.0,0.0,0.0,2,129,Website,0
21,Male,Divorced,Medium,8,2001.49,250.18625,3,0.0,0.0,0.0,41,66,Website,0
57,Female,Divorced,Medium,5,1164.29,232.858,4,1.0,0.0,0.0,2,106,Website,0
27,Female,Married,High,1,86.73,86.73,1,0.0,0.0,0.0,32,359,Mobile App,0
37,Male,Single,Low,7,2046.88,292.4114285714286,4,2.0,0.0,0.0,17,254,Online Banking,1
39,Male,Divorced,High,5,1317.24,263.448,3,1.0,0.0,0.0,24,188,Website,0
68,Male,Married,High,7,1397.36,199.62285714285713,4,0.0,0.0,0.0,29,353,Online Banking,1
54,Male,Divorced,Medium,5,1733.83,346.76599999999996,2,2.0,0.0,0.0,30,344,Online Banking,0
41,Female,Married,Low,1,87.1,87.1,1,2.0,0.0,0.0,43,1,Website,0
24,Female,Divorced,Low,3,392.02,130.67333333333332,3,1.0,1.0,0.0,10,180,Mobile App,0
42,Male,Widowed,Medium,9,2843.59,315.95444444444445,4,2.0,1.0,1.0,26,356,Online Banking,0
42,Male,Divorced,Medium,8,1914.02,239.2525,5,2.0,1.0,1.0,44,200,Online Banking,0
30,Female,Single,Medium,9,2019.79,224.42111111111112,4,2.0,0.0,0.0,41,292,Online Banking,1
19,Male,Married,Low,7,1625.27,232.18142857142857,5,2.0,0.0,0.0,8,120,Online Banking,0
56,Female,Married,High,5,951.3800000000001,190.276,3,1.0,0.0,0.0,37,38,Website,1
57,Female,Divorced,High,5,1017.26,203.452,3,2.0,2.0,1.0,39,299,Online Banking,0
41,Male,Single,Low,9,2775.85,308.42777777777775,5,1.0,0.0,0.0,16,139,Website,0
64,Male,Divorced,High,5,913.02,182.60399999999998,2,0.0,0.0,0.0,18,199,Website,0
42,Female,Divorced,Low,6,1582.73,263.78833333333336,4,2.0,0.0,0.0,42,240,Mobile App,0
35,Female,Divorced,Low,4,1490.74,372.685,2,2.0,2.0,0.5,19,178,Mobile App,0
55,Male,Widowed,Medium,5,1143.22,228.644,4,1.0,1.0,0.0,12,89,Mobile App,0
43,Female,Married,Low,3,764.77,254.92333333333332,2,1.0,0.0,0.0,27,320,Mobile App,0
31,Male,Single,Medium,3,571.76,190.58666666666667,3,1.0,1.0,0.0,45,94,Mobile App,1
26,Male,Widowed,Medium,8,2210.6,276.325,5,1.0,0.0,0.0,22,92,Mobile App,0
27,Female,Widowed,High,6,1702.26,283.71,3,2.0,1.0,1.0,42,67,Online Banking,0
38,Female,Divorced,Medium,3,853.0699999999999,284.3566666666666,2,2.0,0.0,0.0,34,121,Website,0
69,Male,Divorced,High,2,706.66,353.33,2,2.0,2.0,0.5,38,173,Website,0
34,Male,Divorced,Low,5,1108.56,221.712,3,2.0,1.0,0.0,23,137,Online Banking,0
69,Female,Married,High,5,1225.52,245.10399999999998,4,0.0,0.0,0.0,48,360,Mobile App,0
23,Male,Divorced,High,2,689.0,344.5,2,1.0,0.0,0.0,24,227,Mobile App,1
33,Male,Widowed,High,9,1886.4,209.60000000000002,4,2.0,0.0,0.0,44,273,Online Banking,0
65,Male,Married,Low,3,779.8399999999999,259.94666666666666,3,1.0,1.0,1.0,19,223,Mobile App,0
18,Female,Widowed,Low,6,1321.5500000000002,220.25833333333335,4,1.0,0.0,0.0,6,324,Online Banking,0
36,Female,Married,Medium,9,3166.88,351.8755555555556,4,1.0,1.0,0.0,3,126,Online Banking,0
53,Female,Married,Low,3,874.86,291.62,2,1.0,0.0,0.0,47,35,Online Banking,0
42,Male,Married,Medium,5,1191.94,238.388,3,0.0,0.0,0.0,26,346,Online Banking,0
67,Female,Widowed,Low,7,1578.3500000000001,225.47857142857146,3,1.0,1.0,0.0,20,79,Website,0
69,Female,Married,High,2,363.22,181.61,2,1.0,0.0,0.0,38,181,Mobile App,1
47,Male,Widowed,Medium,3,530.61,176.87,2,0.0,0.0,0.0,10,168,Mobile App,0
37,Male,Single,Low,7,2213.63,316.23285714285714,4,2.0,0.0,0.0,25,221,Mobile App,0
37,Female,Widowed,Low,3,687.8199999999999,229.2733333333333,2,1.0,0.0,0.0,35,49,Mobile App,0
32,Female,Widowed,Low,1,300.42,300.42,1,1.0,1.0,1.0,49,121,Online Banking,0
57,Female,Married,High,1,134.67,134.67,1,0.0,0.0,0.0,24,154,Online Banking,1
50,Female,Married,Medium,7,1466.37,209.48142857142855,5,0.0,0.0,0.0,21,257,Website,0
19,Male,Divorced,Medium,7,1597.29,228.18428571428572,5,0.0,0.0,0.0,34,203,Website,0
27,Female,Single,Medium,3,641.48,213.82666666666668,3,0.0,0.0,0.0,18,316,Online Banking,0
50,Female,Single,Low,4,1514.62,378.655,3,2.0,1.0,1.0,19,170,Online Banking,0
49,Male,Divorced,Medium,3,549.86,183.28666666666666,3,0.0,0.0,0.0,3,62,Mobile App,1
28,Male,Widowed,Medium,1,401.25,401.25,1,0.0,0.0,0.0,6,319,Mobile App,0
41,Female,Widowed,Low,7,1255.34,179.3342857142857,4,0.0,0.0,0.0,20,91,Mobile App,0
53,Female,Married,Low,2,461.21000000000004,230.60500000000002,2,2.0,1.0,0.0,22,346,Online Banking,0
29,Female,Single,Low,5,1129.35,225.86999999999998,3,0.0,0.0,0.0,33,136,Website,0
68,Female,Married,Low,5,1443.46,288.692,4,0.0,0.0,0.0,14,134,Mobile App,0
46,Female,Divorced,High,3,597.75,199.25,3,1.0,1.0,1.0,44,165,Online Banking,0
52,Male,Single,High,6,2215.82,369.30333333333334,4,2.0,1.0,1.0,9,259,Online Banking,0
18,Male,Married,Medium,3,292.51,97.50333333333333,2,0.0,0.0,0.0,45,21,Online Banking,0
18,Female,Single,High,4,781.09,195.2725,4,2.0,0.0,0.0,25,305,Mobile App,0
54,Male,Single,Low,3,678.97,226.32333333333335,2,1.0,1.0,0.0,47,5,Website,1
23,Female,Married,High,4,840.0,210.0,4,2.0,1.0,0.0,16,127,Mobile App,0
56,Male,Married,Low,9,2205.11,245.01222222222225,5,0.0,0.0,0.0,7,220,Mobile App,0
58,Female,Single,High,3,965.21,321.7366666666667,3,0.0,0.0,0.0,11,212,Online Banking,0
35,Female,Divorced,Low,5,1359.8899999999999,271.97799999999995,3,0.0,0.0,0.0,27,98,Mobile App,0
33,Male,Widowed,Medium,8,1409.11,176.13875,4,0.0,0.0,0.0,40,137,Online Banking,0
22,Female,Single,Medium,4,701.76,175.44,2,2.0,0.0,0.0,17,162,Online Banking,0
59,Female,Divorced,High,4,886.4799999999999,221.61999999999998,4,2.0,1.0,1.0,5,160,Website,1
60,Female,Single,Low,4,1038.53,259.6325,3,1.0,0.0,0.0,29,49,Mobile App,0
49,Female,Married,Medium,7,2453.98,350.56857142857143,4,0.0,0.0,0.0,10,292,Mobile App,0
19,Female,Divorced,Low,3,474.59000000000003,158.1966666666667,2,2.0,0.0,0.0,47,137,Online Banking,1
19,Female,Divorced,High,6,1080.4,180.0666666666667,3,2.0,2.0,0.5,25,251,Online Banking,1
57,Male,Single,Low,9,2254.22,250.46888888888887,3,1.0,0.0,0.0,24,66,Online Banking,1
59,Male,Widowed,Low,8,2083.79,260.47375,5,1.0,1.0,0.0,44,316,Mobile App,0
53,Female,Single,High,4,769.97,192.4925,4,1.0,0.0,0.0,12,198,Mobile App,1
56,Female,Widowed,Medium,4,883.92,220.98,2,2.0,1.0,1.0,5,237,Website,1
29,Male,Divorced,High,8,1797.06,224.6325,3,0.0,0.0,0.0,29,78,Online Banking,0
64,Male,Widowed,Low,3,816.89,272.2966666666667,2,1.0,0.0,0.0,35,86,Mobile App,0
36,Male,Married,High,3,931.3199999999999,310.44,2,1.0,1.0,0.0,23,256,Online Banking,1
45,Male,Widowed,High,1,110.82,110.82,1,0.0,0.0,0.0,32,206,Mobile App,0
18,Female,Widowed,Low,8,2181.77,272.72125,4,0.0,0.0,0.0,40,29,Website,1
32,Female,Divorced,High,1,232.38,232.38,1,0.0,0.0,0.0,19,238,Mobile App,0
53,Male,Widowed,Medium,6,1419.9199999999998,236.6533333333333,4,2.0,0.0,0.0,25,1,Mobile App,0
30,Male,Divorced,Medium,5,1545.91,309.182,4,0.0,0.0,0.0,45,32,Online Banking,0
60,Male,Married,High,9,1690.08,187.78666666666666,4,0.0,0.0,0.0,37,146,Mobile App,0
38,Male,Married,Low,7,1674.6599999999999,239.23714285714283,3,0.0,0.0,0.0,1,75,Website,0
29,Female,Single,High,5,1411.84,282.368,4,2.0,1.0,1.0,43,40,Website,0
22,Male,Single,High,2,447.34000000000003,223.67000000000002,2,0.0,0.0,0.0,13,327,Online Banking,0
24,Male,Single,Medium,7,1951.99,278.85571428571427,4,0.0,0.0,0.0,12,117,Mobile App,0
22,Male,Married,Medium,6,1229.96,204.99333333333334,4,1.0,0.0,0.0,47,216,Online Banking,0
65,Female,Widowed,Low,9,1804.74,200.52666666666667,5,2.0,0.0,0.0,43,332,Mobile App,0
21,Female,Divorced,Low,8,2265.28,283.16,5,2.0,0.0,0.0,37,184,Mobile App,0
30,Female,Married,Low,5,848.07,169.614,3,2.0,2.0,0.0,42,77,Mobile App,0
54,Male,Widowed,High,3,1113.6100000000001,371.2033333333334,2,0.0,0.0,0.0,41,188,Website,0
58,Female,Single,High,3,677.27,225.75666666666666,3,1.0,1.0,0.0,12,195,Online Banking,0
32,Female,Divorced,High,1,161.84,161.84,1,2.0,2.0,1.0,36,308,Mobile App,0
33,Male,Single,High,2,553.65,276.825,1,2.0,1.0,0.0,38,12,Website,0
38,Female,Divorced,Low,5,893.76,178.752,4,1.0,0.0,0.0,9,223,Mobile App,0
53,Male,Widowed,Low,5,889.75,177.95,4,0.0,0.0,0.0,14,325,Online Banking,0
41,Female,Married,Low,4,1108.56,277.14,2,2.0,1.0,0.0,45,213,Online Banking,1
33,Female,Single,High,1,492.35,492.35,1,2.0,0.0,0.0,35,351,Online Banking,0
31,Male,Married,High,6,2029.96,338.32666666666665,4,2.0,1.0,1.0,32,352,Online Banking,0
39,Male,Widowed,Low,9,2297.73,255.30333333333334,4,2.0,0.0,0.0,46,249,Mobile App,0
66,Female,Widowed,Medium,9,2666.84,296.3155555555556,4,2.0,0.0,0.0,3,284,Online Banking,1
67,Female,Widowed,Low,8,1863.6,232.95,3,2.0,0.0,0.0,30,8,Website,0
23,Male,Married,High,3,875.08,291.6933333333333,3,2.0,1.0,1.0,49,165,Mobile App,0
59,Female,Married,High,6,1542.76,257.12666666666667,4,0.0,0.0,0.0,7,339,Online Banking,1
53,Male,Divorced,Low,2,494.30999999999995,247.15499999999997,2,2.0,0.0,0.0,1,283,Mobile App,1
18,Male,Married,Medium,6,1274.7,212.45000000000002,5,2.0,1.0,1.0,20,248,Mobile App,0
49,Male,Married,Medium,3,723.0,241.0,3,2.0,0.0,0.0,25,83,Website,1
23,Female,Widowed,High,2,613.1800000000001,306.59000000000003,2,1.0,0.0,0.0,33,198,Website,1
48,Female,Divorced,High,3,750.17,250.05666666666664,3,1.0,0.0,0.0,35,77,Website,0
18,Female,Married,High,7,1834.01,262.00142857142856,4,1.0,1.0,1.0,44,264,Online Banking,0
67,Female,Married,Low,8,2133.28,266.66,5,0.0,0.0,0.0,24,152,Website,0
68,Female,Widowed,High,5,653.62,130.724,4,0.0,0.0,0.0,14,102,Mobile App,0
54,Male,Married,High,7,1504.28,214.89714285714285,3,1.0,1.0,0.0,39,134,Mobile App,0
52,Female,Widowed,High,2,448.48,224.24,2,0.0,0.0,0.0,44,7,Online Banking,0
66,Male,Divorced,Medium,6,1625.39,270.89833333333337,4,1.0,0.0,0.0,34,92,Online Banking,0
47,Male,Widowed,Medium,8,2012.3300000000002,251.54125000000002,5,2.0,1.0,0.0,18,278,Mobile App,1
21,Female,Widowed,High,6,1168.79,194.79833333333332,3,2.0,1.0,0.0,2,312,Online Banking,0
52,Male,Divorced,Medium,5,1073.01,214.602,4,2.0,2.0,0.5,38,114,Mobile App,0
60,Female,Single,Medium,9,2825.52,313.94666666666666,5,1.0,0.0,0.0,17,201,Mobile App,1
31,Male,Widowed,Medium,3,938.58,312.86,2,2.0,0.0,0.0,23,292,Mobile App,1
66,Male,Married,Medium,7,2283.88,326.2685714285714,4,2.0,0.0,0.0,33,316,Website,0
57,Male,Widowed,Low,2,744.89,372.445,2,0.0,0.0,0.0,28,194,Online Banking,0
39,Female,Divorced,Medium,9,2323.02,258.11333333333334,4,0.0,0.0,0.0,15,232,Website,0
27,Female,Married,Medium,8,1976.17,247.02125,4,1.0,0.0,0.0,11,348,Website,0
18,Female,Divorced,Medium,2,630.2,315.1,2,2.0,2.0,0.5,23,178,Website,1
28,Female,Widowed,Medium,2,243.55,121.775,2,1.0,0.0,0.0,13,286,Website,0
68,Male,Divorced,Low,2,552.23,276.115,1,1.0,0.0,0.0,47,310,Mobile App,0
61,Female,Divorced,Low,8,2726.7,340.8375,5,1.0,0.0,0.0,11,99,Website,0
41,Female,Single,High,9,1879.94,208.88222222222223,5,0.0,0.0,0.0,36,200,Website,0
20,Male,Widowed,Medium,4,896.27,224.0675,2,1.0,0.0,0.0,38,263,Mobile App,0
52,Male,Widowed,Medium,6,1570.08,261.68,4,1.0,0.0,0.0,27,361,Mobile App,0
53,Female,Widowed,High,2,441.75,220.875,2,0.0,0.0,0.0,18,196,Mobile App,0
48,Male,Widowed,Low,2,419.86,209.93,2,0.0,0.0,0.0,40,55,Mobile App,0
21,Female,Married,High,1,431.47,431.47,1,0.0,0.0,0.0,38,196,Online Banking,1
36,Male,Divorced,Low,8,2804.65,350.58125,4,1.0,0.0,0.0,34,287,Online Banking,0
64,Female,Widowed,High,7,2045.49,292.21285714285716,2,2.0,0.0,0.0,22,212,Website,0
53,Male,Married,High,3,1024.23,341.41,2,1.0,0.0,0.0,18,72,Mobile App,0
38,Female,Widowed,Medium,7,2483.75,354.82142857142856,4,2.0,2.0,0.0,41,187,Online Banking,0
35,Male,Divorced,High,5,1391.99,278.398,3,1.0,0.0,0.0,18,249,Mobile App,0
68,Female,Widowed,Low,2,343.27,171.635,1,1.0,0.0,0.0,13,7,Website,0
45,Female,Married,Low,1,419.85,419.85,1,1.0,0.0,0.0,39,317,Online Banking,1
32,Female,Married,High,5,1768.7,353.74,2,2.0,1.0,1.0,16,82,Online Banking,0
59,Female,Divorced,Low,5,1373.73,274.746,4,0.0,0.0,0.0,8,20,Mobile App,0
19,Female,Widowed,High,8,2260.34,282.5425,4,2.0,1.0,1.0,34,121,Mobile App,0
54,Female,Married,Medium,1,13.04,13.04,1,2.0,1.0,0.0,29,298,Website,0
28,Male,Single,Medium,1,444.84,444.84,1,1.0,1.0,0.0,6,318,Online Banking,0
40,Female,Widowed,Medium,8,1193.26,149.1575,5,0.0,0.0,0.0,38,186,Mobile App,0
61,Male,Single,Medium,1,334.2,334.2,1,2.0,0.0,0.0,36,213,Mobile App,0
58,Female,Married,High,7,1448.8,206.97142857142856,3,0.0,0.0,0.0,48,93,Mobile App,0
29,Male,Married,Low,5,1735.16,347.03200000000004,4,1.0,1.0,1.0,42,340,Online Banking,0
20,Female,Divorced,High,7,1753.55,250.50714285714284,3,0.0,0.0,0.0,26,257,Mobile App,0
69,Male,Divorced,Low,8,1883.08,235.385,4,2.0,2.0,0.0,18,268,Website,0
34,Female,Widowed,High,7,702.9200000000001,100.41714285714286,4,0.0,0.0,0.0,11,185,Mobile App,0
50,Male,Married,Low,7,2412.6800000000003,344.66857142857145,4,0.0,0.0,0.0,27,202,Mobile App,0
18,Female,Married,Low,7,1471.29,210.18428571428572,5,0.0,0.0,0.0,30,90,Online Banking,0
56,Male,Married,High,1,25.75,25.75,1,2.0,1.0,1.0,18,235,Website,0
37,Male,Married,Medium,8,2053.13,256.64125,4,2.0,1.0,0.0,43,244,Online Banking,1
64,Male,Single,High,6,1983.84,330.64,4,1.0,1.0,1.0,4,161,Mobile App,0
60,Female,Married,Medium,3,425.88,141.96,3,2.0,1.0,0.0,6,204,Mobile App,0
69,Male,Divorced,High,3,1064.88,354.96000000000004,3,2.0,0.0,0.0,22,353,Mobile App,0
58,Female,Widowed,Low,5,955.49,191.098,3,1.0,0.0,0.0,2,37,Website,1
31,Female,Widowed,Medium,1,181.34,181.34,1,0.0,0.0,0.0,47,306,Mobile App,0
48,Female,Widowed,Low,5,1241.5,248.3,3,1.0,0.0,0.0,48,151,Online Banking,0
42,Female,Single,Low,8,2356.35,294.54375,5,1.0,0.0,0.0,40,304,Website,0
20,Male,Married,Low,4,1126.93,281.7325,3,2.0,2.0,0.5,32,125,Website,1
21,Female,Widowed,High,9,2164.75,240.52777777777777,4,1.0,0.0,0.0,39,197,Mobile App,0
48,Male,Divorced,Low,7,1448.33,206.9042857142857,4,1.0,0.0,0.0,21,81,Website,1
52,Female,Single,High,7,2532.71,361.8157142857143,5,1.0,0.0,0.0,8,242,Mobile App,0
61,Male,Married,Medium,6,1972.76,328.79333333333335,3,2.0,1.0,1.0,25,20,Website,0
31,Female,Married,Low,3,606.09,202.03,2,1.0,0.0,0.0,41,71,Mobile App,0
66,Female,Married,Medium,7,1801.46,257.3514285714286,4,1.0,1.0,1.0,36,298,Mobile App,1
58,Male,Married,Medium,7,1218.9,174.12857142857143,4,2.0,0.0,0.0,4,35,Website,0
26,Female,Single,High,6,936.78,156.13,4,0.0,0.0,0.0,15,100,Website,1
37,Female,Divorced,Medium,1,429.79,429.79,1,1.0,0.0,0.0,28,302,Website,0
49,Female,Married,High,3,741.63,247.21,2,0.0,0.0,0.0,20,240,Website,0
26,Female,Single,High,2,412.58000000000004,206.29000000000002,2,0.0,0.0,0.0,38,117,Website,0
44,Female,Single,Medium,7,1985.93,283.70428571428573,4,0.0,0.0,0.0,6,336,Online Banking,0
20,Female,Divorced,Medium,2,715.6800000000001,357.84000000000003,1,0.0,0.0,0.0,30,254,Mobile App,0
21,Female,Single,Medium,5,1491.65,298.33000000000004,4,2.0,0.0,0.0,32,203,Online Banking,0
62,Female,Single,High,3,1135.44,378.48,1,1.0,0.0,0.0,49,255,Online Banking,1
32,Male,Widowed,High,2,97.19,48.595,2,0.0,0.0,0.0,41,262,Online Banking,0
50,Female,Widowed,Medium,6,1284.89,214.14833333333334,4,2.0,1.0,0.0,4,70,Online Banking,0
22,Male,Divorced,High,3,460.87,153.62333333333333,2,0.0,0.0,0.0,35,75,Mobile App,0
21,Female,Widowed,Medium,2,513.26,256.63,2,2.0,1.0,0.0,30,357,Mobile App,0
63,Male,Single,High,6,1768.25,294.7083333333333,5,2.0,0.0,0.0,49,278,Mobile App,0
29,Male,Single,High,3,574.4699999999999,191.48999999999998,3,2.0,0.0,0.0,41,194,Mobile App,0
40,Male,Divorced,Low,7,1417.97,202.56714285714287,3,1.0,0.0,0.0,22,275,Website,1
31,Female,Single,Low,7,1942.65,277.5214285714286,5,2.0,0.0,0.0,2,320,Website,0
63,Female,Divorced,Medium,3,1172.53,390.8433333333333,2,2.0,1.0,1.0,12,178,Website,0
29,Male,Widowed,Low,1,270.34,270.34,1,2.0,0.0,0.0,34,235,Website,0
34,Female,Widowed,High,5,1388.97,277.794,3,0.0,0.0,0.0,34,70,Website,0
42,Female,Married,Medium,6,1711.71,285.285,3,2.0,0.0,0.0,14,300,Website,0
47,Male,Widowed,Low,8,2134.16,266.77,5,2.0,1.0,1.0,39,344,Website,0
39,Female,Married,Medium,4,925.4300000000001,231.35750000000002,3,2.0,1.0,0.0,39,291,Online Banking,1
64,Male,Married,Medium,7,1461.25,208.75,4,0.0,0.0,0.0,45,194,Online Banking,0
43,Male,Married,High,6,1270.25,211.70833333333334,3,2.0,1.0,1.0,6,358,Website,0
34,Female,Single,Low,6,1702.06,283.6766666666667,3,2.0,1.0,0.0,8,325,Online Banking,0
37,Male,Married,High,3,956.5799999999999,318.85999999999996,3,2.0,0.0,0.0,27,140,Online Banking,1
51,Female,Widowed,Medium,1,336.18,336.18,1,2.0,0.0,0.0,12,300,Mobile App,0
58,Female,Divorced,Medium,6,1767.9,294.65000000000003,4,2.0,2.0,0.0,21,260,Website,0
50,Female,Widowed,Medium,2,454.14,227.07,2,2.0,0.0,0.0,38,238,Online Banking,0
54,Female,Divorced,Low,4,741.9699999999999,185.49249999999998,3,0.0,0.0,0.0,4,339,Mobile App,0
24,Male,Widowed,High,1,99.58,99.58,1,0.0,0.0,0.0,25,35,Mobile App,0
39,Female,Divorced,High,8,1799.17,224.89625,4,0.0,0.0,0.0,43,279,Website,0
49,Female,Widowed,Low,2,436.89,218.445,1,0.0,0.0,0.0,24,212,Online Banking,0
31,Female,Divorced,High,4,1328.06,332.015,4,0.0,0.0,0.0,12,81,Mobile App,0
25,Male,Married,High,7,1727.27,246.75285714285715,4,0.0,0.0,0.0,29,161,Online Banking,0
42,Male,Divorced,Medium,6,1222.21,203.70166666666668,3,0.0,0.0,0.0,35,304,Online Banking,0
33,Female,Married,Medium,7,1047.61,149.6585714285714,5,1.0,0.0,0.0,37,201,Website,0
59,Female,Widowed,Medium,7,2092.89,298.9842857142857,3,1.0,1.0,0.0,30,312,Website,1
36,Female,Divorced,Low,2,734.1,367.05,2,0.0,0.0,0.0,41,60,Online Banking,0
58,Female,Divorced,Medium,6,1343.7,223.95000000000002,4,2.0,1.0,1.0,42,55,Online Banking,0
33,Female,Widowed,High,5,1570.8600000000001,314.172,3,2.0,0.0,0.0,35,117,Mobile App,0
29,Male,Married,Low,8,2576.78,322.0975,4,1.0,0.0,0.0,1,140,Online Banking,1
56,Female,Married,High,7,1766.57,252.36714285714285,4,0.0,0.0,0.0,40,203,Mobile App,0
65,Male,Single,Low,4,1624.32,406.08,3,0.0,0.0,0.0,26,167,Online Banking,0
47,Male,Single,High,3,1030.46,343.4866666666667,2,0.0,0.0,0.0,35,50,Online Banking,0
19,Female,Single,Low,4,1277.29,319.3225,3,1.0,1.0,0.0,42,199,Mobile App,1
49,Male,Divorced,High,7,1702.45,243.20714285714286,4,0.0,0.0,0.0,7,212,Website,0
62,Female,Divorced,Medium,6,1736.26,289.37666666666667,3,1.0,0.0,0.0,4,163,Online Banking,0
42,Male,Divorced,Low,8,2520.32,315.04,5,0.0,0.0,0.0,5,230,Website,0
42,Male,Widowed,High,8,2650.29,331.28625,3,2.0,0.0,0.0,39,170,Online Banking,0
21,Female,Single,High,7,1461.18,208.74,4,1.0,0.0,0.0,11,297,Mobile App,0
36,Male,Widowed,High,7,1250.35,178.62142857142857,5,0.0,0.0,0.0,15,54,Online Banking,1
65,Female,Single,High,6,2185.36,364.2266666666667,4,2.0,0.0,0.0,32,77,Website,0
21,Female,Single,Medium,9,2559.03,284.3366666666667,4,1.0,0.0,0.0,37,9,Website,0
60,Female,Divorced,Medium,6,1468.07,244.6783333333333,3,2.0,2.0,0.5,9,119,Online Banking,1
30,Female,Married,Low,4,1353.42,338.355,3,0.0,0.0,0.0,47,315,Online Banking,1
56,Female,Single,Low,8,2082.19,260.27375,4,2.0,0.0,0.0,32,115,Online Banking,0
53,Female,Married,High,3,817.4200000000001,272.47333333333336,3,2.0,0.0,0.0,33,105,Website,0
40,Male,Widowed,Low,8,1576.7,197.0875,5,0.0,0.0,0.0,23,196,Online Banking,1
23,Male,Divorced,High,3,770.5,256.8333333333333,1,2.0,0.0,0.0,15,4,Mobile App,0
41,Female,Single,Low,6,1482.99,247.165,3,2.0,1.0,0.0,30,98,Online Banking,1
61,Male,Divorced,Low,1,398.99,398.99,1,0.0,0.0,0.0,16,353,Online Banking,1
50,Male,Widowed,High,3,762.4399999999999,254.14666666666665,2,1.0,0.0,0.0,22,103,Mobile App,1
29,Female,Married,Medium,9,2654.84,294.9822222222222,3,1.0,1.0,1.0,43,84,Mobile App,1
58,Male,Divorced,High,2,859.47,429.735,1,1.0,1.0,0.0,30,158,Online Banking,0
38,Female,Divorced,Medium,9,2185.9300000000003,242.88111111111115,4,1.0,1.0,0.0,1,13,Mobile App,0
28,Female,Single,Low,3,726.73,242.24333333333334,3,2.0,1.0,1.0,35,319,Online Banking,1
61,Male,Married,Medium,9,2362.18,262.46444444444444,4,1.0,0.0,0.0,18,23,Website,0
55,Female,Widowed,High,7,1649.9,235.70000000000002,4,2.0,2.0,1.0,15,194,Online Banking,0
46,Female,Single,Low,9,2965.09,329.45444444444445,5,0.0,0.0,0.0,21,228,Online Banking,0
65,Female,Divorced,Medium,4,1171.1399999999999,292.78499999999997,3,1.0,0.0,0.0,40,283,Mobile App,0
58,Female,Divorced,Medium,7,1887.6799999999998,269.6685714285714,3,2.0,1.0,0.0,2,8,Online Banking,0
20,Male,Married,High,5,1519.1399999999999,303.828,4,1.0,1.0,1.0,30,128,Online Banking,1
45,Female,Widowed,Low,1,356.39,356.39,1,1.0,1.0,1.0,40,329,Website,0
37,Male,Widowed,Low,7,1607.36,229.62285714285713,5,1.0,0.0,0.0,32,357,Website,0
43,Female,Divorced,Medium,7,1968.79,281.2557142857143,5,1.0,1.0,0.0,28,283,Website,1
41,Male,Widowed,Medium,4,980.71,245.1775,2,0.0,0.0,0.0,11,143,Online Banking,1
69,Male,Single,Medium,5,1319.11,263.822,4,1.0,1.0,0.0,7,29,Online Banking,0
64,Female,Married,Low,9,2220.26,246.6955555555556,5,2.0,1.0,1.0,1,129,Mobile App,1
38,Male,Divorced,Medium,7,2672.69,381.8128571428571,4,1.0,1.0,1.0,43,198,Mobile App,0
47,Female,Widowed,Medium,1,208.67,208.67,1,2.0,0.0,0.0,28,128,Mobile App,0
21,Female,Widowed,Low,1,92.62,92.62,1,1.0,0.0,0.0,39,335,Website,0
53,Male,Single,Low,4,832.85,208.2125,2,2.0,1.0,1.0,19,198,Mobile App,0
57,Male,Widowed,High,6,1469.67,244.94500000000002,4,1.0,0.0,0.0,39,291,Online Banking,0
27,Male,Single,Low,8,2395.72,299.465,5,1.0,0.0,0.0,32,130,Website,1
27,Male,Married,Low,1,489.07,489.07,1,1.0,1.0,1.0,49,217,Online Banking,1
59,Female,Divorced,High,9,2940.59,326.7322222222222,5,2.0,0.0,0.0,30,331,Website,1
41,Male,Single,Low,1,13.04,13.04,1,2.0,1.0,0.0,2,4,Website,0
21,Female,Widowed,High,2,525.02,262.51,2,1.0,0.0,0.0,44,299,Online Banking,0
64,Male,Widowed,Low,5,1511.8700000000001,302.374,4,0.0,0.0,0.0,43,270,Online Banking,0
44,Male,Married,High,1,459.39,459.39,1,1.0,0.0,0.0,37,359,Online Banking,0
68,Female,Single,Medium,3,461.36,153.78666666666666,3,1.0,0.0,0.0,19,38,Online Banking,0
62,Male,Divorced,Medium,5,1096.16,219.23200000000003,3,0.0,0.0,0.0,26,13,Mobile App,0
21,Female,Widowed,Medium,9,2123.87,235.98555555555555,4,2.0,0.0,0.0,1,199,Mobile App,0
49,Male,Single,High,3,734.74,244.91333333333333,2,1.0,0.0,0.0,42,264,Mobile App,0
27,Male,Widowed,Medium,3,865.97,288.6566666666667,3,0.0,0.0,0.0,28,65,Online Banking,1
28,Female,Divorced,Low,8,1170.04,146.255,4,2.0,0.0,0.0,26,169,Online Banking,1
45,Female,Single,High,7,1562.83,223.26142857142855,3,0.0,0.0,0.0,40,124,Mobile App,0
63,Female,Widowed,Low,4,1117.33,279.3325,4,1.0,0.0,0.0,35,342,Online Banking,0
25,Female,Divorced,Low,3,605.79,201.92999999999998,2,2.0,0.0,0.0,3,200,Website,0
57,Female,Single,Low,7,2069.7,295.6714285714285,4,0.0,0.0,0.0,26,213,Online Banking,1
39,Female,Single,High,6,1217.78,202.96333333333334,4,0.0,0.0,0.0,33,179,Mobile App,0
51,Female,Married,Low,5,1423.1,284.62,4,1.0,0.0,0.0,22,313,Online Banking,0
62,Male,Divorced,Medium,4,1209.94,302.485,3,1.0,0.0,0.0,6,264,Mobile App,0
52,Female,Single,High,4,836.33,209.0825,3,2.0,1.0,1.0,42,43,Online Banking,0
52,Male,Married,Medium,8,1563.95,195.49375,5,1.0,0.0,0.0,34,17,Online Banking,0
42,Male,Single,High,5,2016.68,403.336,4,1.0,0.0,0.0,3,163,Online Banking,1
51,Female,Widowed,Low,5,1362.8600000000001,272.572,2,0.0,0.0,0.0,17,103,Online Banking,1
23,Male,Married,Medium,6,1683.1299999999999,280.52166666666665,4,0.0,0.0,0.0,6,231,Mobile App,0
58,Male,Single,High,5,1026.5900000000001,205.31800000000004,4,0.0,0.0,0.0,42,123,Mobile App,0
54,Female,Widowed,Low,2,512.1899999999999,256.09499999999997,2,2.0,0.0,0.0,5,273,Website,1
18,Male,Widowed,Low,2,615.0699999999999,307.53499999999997,2,2.0,0.0,0.0,20,205,Website,0
29,Female,Widowed,High,8,2217.85,277.23125,5,2.0,1.0,1.0,1,286,Website,0
52,Male,Married,High,1,30.48,30.48,1,0.0,0.0,0.0,24,48,Mobile App,0
23,Male,Widowed,High,1,403.33,403.33,1,1.0,0.0,0.0,9,108,Mobile App,0
34,Female,Divorced,High,6,1572.74,262.12333333333333,4,2.0,1.0,1.0,15,97,Website,0
26,Male,Single,Medium,8,2429.7,303.7125,5,2.0,0.0,0.0,37,26,Website,0
19,Male,Divorced,High,1,209.68,209.68,1,0.0,0.0,0.0,18,340,Mobile App,0
35,Female,Widowed,Low,6,1882.08,313.68,3,1.0,0.0,0.0,22,288,Online Banking,0
66,Female,Widowed,Medium,3,960.99,320.33,2,0.0,0.0,0.0,11,298,Website,0
53,Male,Divorced,Low,1,261.24,261.24,1,1.0,0.0,0.0,38,31,Mobile App,0
45,Male,Married,Low,8,1714.0900000000001,214.26125000000002,5,0.0,0.0,0.0,3,87,Mobile App,0
58,Female,Widowed,High,6,1305.25,217.54166666666666,4,1.0,0.0,0.0,29,131,Website,0
54,Male,Widowed,Medium,1,9.8,9.8,1,2.0,0.0,0.0,46,58,Mobile App,0
66,Female,Divorced,High,4,926.5300000000001,231.63250000000002,3,2.0,0.0,0.0,32,78,Website,0
43,Female,Widowed,Low,6,1298.95,216.49166666666667,4,1.0,0.0,0.0,34,91,Online Banking,0
21,Male,Widowed,High,4,925.58,231.395,3,2.0,0.0,0.0,8,317,Website,0
57,Female,Married,High,3,948.96,316.32,2,1.0,1.0,0.0,34,226,Online Banking,0
53,Female,Married,High,3,695.73,231.91,3,1.0,0.0,0.0,5,248,Online Banking,0
68,Male,Married,High,1,288.26,288.26,1,0.0,0.0,0.0,9,170,Mobile App,0
48,Female,Married,High,9,2285.6,253.95555555555555,5,0.0,0.0,0.0,17,243,Mobile App,0
47,Male,Married,High,4,1416.68,354.17,3,1.0,1.0,0.0,20,58,Mobile App,0
67,Male,Widowed,Medium,7,1791.69,255.9557142857143,4,0.0,0.0,0.0,42,70,Mobile App,0
51,Male,Single,High,5,1400.5,280.1,3,1.0,0.0,0.0,27,260,Online Banking,0
36,Female,Widowed,Medium,4,1058.14,264.535,3,0.0,0.0,0.0,5,180,Online Banking,0
35,Male,Widowed,High,5,592.9,118.58,4,2.0,2.0,0.0,46,178,Mobile App,1
47,Male,Single,Medium,2,283.16,141.58,2,2.0,0.0,0.0,29,192,Website,0
38,Male,Divorced,Low,1,34.91,34.91,1,0.0,0.0,0.0,11,196,Online Banking,0
20,Male,Single,Medium,2,536.29,268.145,2,1.0,0.0,0.0,26,286,Mobile App,0
23,Female,Married,Medium,2,601.31,300.655,2,1.0,1.0,1.0,23,84,Mobile App,1
55,Female,Widowed,Low,8,649.71,81.21375,5,0.0,0.0,0.0,18,338,Mobile App,0
30,Male,Married,High,3,467.83,155.94333333333333,3,2.0,2.0,1.0,20,213,Website,0
62,Female,Single,High,8,2145.44,268.18,5,0.0,0.0,0.0,44,112,Website,0
20,Female,Divorced,Medium,1,477.46,477.46,1,0.0,0.0,0.0,21,295,Online Banking,0
65,Female,Divorced,High,2,823.75,411.875,2,2.0,1.0,1.0,26,324,Online Banking,0
45,Male,Widowed,High,9,2007.24,223.02666666666667,4,2.0,1.0,1.0,32,63,Online Banking,0
39,Female,Single,Low,1,61.98,61.98,1,2.0,0.0,0.0,1,42,Online Banking,0
57,Female,Married,High,4,839.3,209.825,3,1.0,0.0,0.0,2,297,Website,1
57,Female,Married,High,6,1369.7,228.28333333333333,4,2.0,2.0,1.0,4,312,Mobile App,0
29,Female,Divorced,Medium,2,553.79,276.895,2,2.0,2.0,1.0,41,93,Online Banking,0
40,Female,Widowed,High,3,605.89,201.96333333333334,2,0.0,0.0,0.0,10,281,Website,0
48,Male,Single,High,2,403.37,201.685,2,2.0,1.0,1.0,28,127,Website,0
35,Female,Married,Medium,5,848.26,169.652,3,0.0,0.0,0.0,49,259,Mobile App,0
24,Female,Divorced,Medium,8,2361.19,295.14875,4,1.0,0.0,0.0,37,141,Online Banking,0
25,Male,Widowed,Medium,9,2582.54,286.94888888888886,5,0.0,0.0,0.0,17,105,Mobile App,0
36,Male,Divorced,High,5,908.3199999999999,181.664,5,2.0,1.0,1.0,30,364,Website,0
46,Male,Widowed,High,5,1577.44,315.488,2,0.0,0.0,0.0,6,26,Website,0
61,Male,Single,High,7,2439.39,348.4842857142857,4,2.0,1.0,0.0,11,19,Website,0
37,Female,Divorced,High,6,1719.37,286.56166666666667,4,1.0,1.0,0.0,11,348,Online Banking,0
67,Female,Married,High,2,756.52,378.26,2,2.0,0.0,0.0,2,5,Mobile App,1
59,Female,Widowed,High,1,135.94,135.94,1,0.0,0.0,0.0,20,341,Mobile App,0
47,Female,Divorced,Medium,2,608.06,304.03,1,0.0,0.0,0.0,34,128,Website,0
64,Female,Widowed,Medium,1,13.86,13.86,1,0.0,0.0,0.0,41,28,Mobile App,0
39,Male,Divorced,High,4,682.9399999999999,170.73499999999999,3,1.0,0.0,0.0,1,253,Website,0
27,Female,Divorced,Low,6,1147.08,191.17999999999998,4,1.0,1.0,1.0,48,102,Mobile App,0
43,Male,Single,Medium,6,1022.86,170.47666666666666,4,1.0,0.0,0.0,27,180,Online Banking,0
68,Male,Married,High,7,2295.76,327.96571428571434,2,1.0,0.0,0.0,26,91,Online Banking,1
50,Male,Divorced,Medium,3,924.63,308.21,3,2.0,0.0,0.0,26,159,Online Banking,0
45,Female,Single,Low,6,1466.6,244.4333333333333,3,2.0,1.0,0.0,8,188,Mobile App,0
27,Female,Widowed,Medium,8,1980.5,247.5625,4,1.0,0.0,0.0,29,115,Online Banking,0
46,Male,Widowed,Medium,6,1641.62,273.6033333333333,3,1.0,0.0,0.0,17,359,Online Banking,0
61,Male,Divorced,Medium,9,1974.45,219.38333333333333,5,2.0,1.0,1.0,33,165,Mobile App,0
35,Male,Married,Medium,2,704.7,352.35,2,1.0,1.0,0.0,1,32,Online Banking,0
59,Male,Widowed,High,6,1376.54,229.42333333333332,4,2.0,2.0,0.0,24,134,Mobile App,0
18,Male,Divorced,Low,9,2702.27,300.2522222222222,5,1.0,1.0,1.0,25,253,Online Banking,0
40,Male,Widowed,High,2,588.68,294.34,2,1.0,1.0,1.0,1,162,Mobile App,1
34,Female,Single,Medium,5,1493.9,298.78000000000003,3,2.0,2.0,0.5,26,121,Website,0
60,Male,Divorced,Medium,1,266.08,266.08,1,2.0,0.0,0.0,16,288,Online Banking,1
54,Male,Divorced,Medium,3,324.4,108.13333333333333,2,1.0,0.0,0.0,49,172,Online Banking,0
48,Male,Divorced,Low,1,368.57,368.57,1,2.0,1.0,1.0,33,360,Website,0
42,Male,Single,Low,8,2316.37,289.54625,5,0.0,0.0,0.0,28,170,Mobile App,0
21,Male,Divorced,High,4,780.1800000000001,195.04500000000002,3,2.0,0.0,0.0,45,113,Online Banking,0
69,Female,Divorced,Medium,9,2282.8900000000003,253.6544444444445,5,1.0,1.0,1.0,24,349,Mobile App,1
26,Male,Single,Low,8,2154.17,269.27125,5,1.0,1.0,0.0,36,243,Website,0
45,Female,Widowed,Medium,8,1731.26,216.4075,4,2.0,1.0,0.0,14,281,Online Banking,0
47,Male,Single,High,9,2348.41,260.9344444444444,3,0.0,0.0,0.0,49,257,Mobile App,0
64,Male,Married,High,2,469.14,234.57,2,2.0,1.0,1.0,5,140,Mobile App,1
41,Female,Single,Low,9,1514.16,168.24,4,1.0,1.0,0.0,27,365,Online Banking,0
50,Male,Widowed,High,1,286.8,286.8,1,2.0,0.0,0.0,14,126,Mobile App,0
37,Female,Divorced,Low,8,1188.8400000000001,148.60500000000002,4,1.0,0.0,0.0,24,64,Online Banking,1
26,Female,Divorced,Medium,8,2518.16,314.77,4,0.0,0.0,0.0,46,350,Website,0
25,Female,Single,Low,7,2197.79,313.96999999999997,5,1.0,1.0,1.0,28,107,Mobile App,0
41,Female,Married,High,6,1939.2,323.2,3,0.0,0.0,0.0,8,349,Online Banking,0
31,Female,Single,Medium,9,3352.34,372.4822222222222,4,1.0,0.0,0.0,35,328,Website,0
35,Female,Married,High,6,1239.81,206.635,4,2.0,0.0,0.0,47,193,Online Banking,0
18,Male,Single,Medium,5,1454.45,290.89,4,2.0,0.0,0.0,35,200,Website,0
29,Female,Married,Medium,1,35.85,35.85,1,2.0,1.0,1.0,23,67,Website,0
46,Male,Married,Medium,2,267.09,133.545,2,1.0,1.0,1.0,13,236,Online Banking,0
54,Male,Divorced,Medium,9,2143.59,238.17666666666668,4,0.0,0.0,0.0,47,7,Online Banking,0
43,Female,Married,High,1,133.2,133.2,1,1.0,0.0,0.0,17,123,Website,0
50,Female,Divorced,Low,4,1143.8,285.95,4,1.0,1.0,0.0,31,307,Website,0
60,Female,Single,Medium,8,2366.3,295.7875,4,2.0,0.0,0.0,10,235,Online Banking,0
32,Male,Single,High,4,1333.6,333.4,3,2.0,1.0,1.0,36,132,Website,0
40,Female,Single,High,8,1582.08,197.76,4,1.0,1.0,0.0,29,161,Online Banking,0
46,Female,Single,High,6,1172.66,195.44333333333336,4,0.0,0.0,0.0,16,205,Mobile App,0
38,Male,Single,Low,4,1087.62,271.905,3,1.0,0.0,0.0,33,167,Website,1
36,Female,Divorced,High,9,2467.11,274.12333333333333,4,1.0,0.0,0.0,14,306,Mobile App,0
22,Male,Single,High,4,800.5600000000001,200.14000000000001,2,2.0,1.0,0.0,7,133,Online Banking,0
40,Female,Married,Low,2,339.16999999999996,169.58499999999998,2,2.0,1.0,0.0,33,6,Website,0
53,Male,Widowed,High,4,1338.28,334.57,3,0.0,0.0,0.0,3,130,Mobile App,1
37,Female,Divorced,High,4,773.11,193.2775,4,1.0,0.0,0.0,26,70,Website,0
25,Male,Married,Low,1,47.52,47.52,1,2.0,1.0,1.0,39,63,Website,0
26,Female,Widowed,Low,8,1787.4199999999998,223.42749999999998,5,0.0,0.0,0.0,5,133,Online Banking,1
31,Female,Widowed,Low,3,522.89,174.29666666666665,2,0.0,0.0,0.0,23,272,Online Banking,1
23,Male,Divorced,Medium,1,281.95,281.95,1,0.0,0.0,0.0,33,317,Mobile App,0
18,Female,Married,Low,7,1990.15,284.3071428571429,3,0.0,0.0,0.0,30,164,Mobile App,0
26,Female,Widowed,Medium,7,1533.34,219.04857142857142,3,1.0,0.0,0.0,33,120,Mobile App,0
33,Male,Widowed,Medium,8,1960.83,245.10375,4,1.0,0.0,0.0,43,28,Website,0
33,Male,Divorced,Low,8,2346.48,293.31,4,2.0,1.0,0.0,25,174,Online Banking,0
29,Female,Single,Medium,2,680.27,340.135,2,2.0,1.0,1.0,22,163,Online Banking,1
22,Male,Widowed,High,3,865.73,288.57666666666665,2,2.0,2.0,1.0,1,239,Online Banking,1
57,Female,Divorced,High,9,2322.98,258.1088888888889,4,0.0,0.0,0.0,10,236,Online Banking,0
46,Female,Divorced,Low,6,1678.1200000000001,279.68666666666667,4,1.0,0.0,0.0,23,84,Online Banking,0
63,Male,Married,Medium,2,568.35,284.175,2,1.0,0.0,0.0,33,213,Website,0
44,Male,Divorced,High,8,2309.85,288.73125,4,0.0,0.0,0.0,39,288,Online Banking,0
28,Female,Divorced,Medium,4,1273.3600000000001,318.34000000000003,3,2.0,1.0,1.0,28,132,Website,0
64,Male,Single,Medium,2,609.5799999999999,304.78999999999996,2,2.0,0.0,0.0,43,143,Mobile App,1
67,Female,Widowed,High,7,1645.76,235.10857142857142,5,2.0,1.0,0.0,8,124,Online Banking,0
45,Male,Married,Low,9,2787.1,309.67777777777775,4,1.0,1.0,0.0,27,65,Mobile App,1
69,Female,Divorced,Medium,3,508.49,169.49666666666667,2,0.0,0.0,0.0,5,310,Online Banking,0
53,Female,Married,High,8,2017.78,252.2225,4,2.0,2.0,0.5,15,3,Website,0
59,Female,Widowed,Low,9,2722.74,302.52666666666664,4,1.0,1.0,1.0,48,129,Mobile App,1
36,Female,Divorced,Medium,7,2101.4,300.2,4,2.0,1.0,0.0,22,79,Online Banking,0
52,Female,Divorced,Medium,9,1524.8400000000001,169.42666666666668,4,1.0,0.0,0.0,35,346,Mobile App,0
69,Female,Married,Medium,6,1426.2,237.70000000000002,5,1.0,0.0,0.0,30,145,Online Banking,0
48,Female,Single,Medium,1,87.02,87.02,1,0.0,0.0,0.0,48,103,Website,1
61,Male,Widowed,Low,1,184.86,184.86,1,0.0,0.0,0.0,44,1,Website,0
36,Male,Widowed,Medium,5,1592.6100000000001,318.52200000000005,4,2.0,0.0,0.0,33,291,Website,0
63,Male,Widowed,High,7,1497.89,213.98428571428573,4,1.0,0.0,0.0,30,119,Online Banking,0
41,Female,Divorced,High,1,354.64,354.64,1,1.0,0.0,0.0,36,197,Online Banking,0
19,Male,Divorced,High,5,1442.26,288.452,4,2.0,1.0,1.0,16,253,Online Banking,0
24,Male,Divorced,Low,3,873.63,291.21,2,0.0,0.0,0.0,38,53,Website,0
60,Male,Married,High,3,1282.72,427.5733333333333,2,2.0,1.0,1.0,23,103,Online Banking,0
66,Male,Widowed,Medium,5,1254.4299999999998,250.88599999999997,3,0.0,0.0,0.0,37,328,Online Banking,1
48,Female,Widowed,Medium,8,2140.54,267.5675,5,2.0,1.0,0.0,37,360,Website,0
34,Female,Widowed,High,2,594.4200000000001,297.21000000000004,2,1.0,1.0,1.0,28,16,Mobile App,0
44,Male,Single,Low,7,1770.89,252.98428571428573,5,1.0,0.0,0.0,14,89,Mobile App,1
53,Female,Divorced,Low,5,1329.4499999999998,265.89,2,0.0,0.0,0.0,4,272,Mobile App,0
67,Female,Widowed,Medium,7,965.41,137.91571428571427,3,1.0,0.0,0.0,39,99,Website,0
60,Female,Widowed,Medium,9,1768.53,196.50333333333333,3,2.0,1.0,0.0,33,59,Website,0
27,Female,Divorced,High,7,1465.9299999999998,209.4185714285714,4,0.0,0.0,0.0,31,113,Website,0
62,Female,Divorced,Low,3,521.56,173.85333333333332,3,2.0,0.0,0.0,13,140,Online Banking,0
31,Male,Widowed,High,8,2414.15,301.76875,5,2.0,1.0,0.0,36,144,Mobile App,0
24,Female,Married,Medium,5,1361.3899999999999,272.27799999999996,3,2.0,2.0,0.5,10,355,Mobile App,0
56,Male,Married,Medium,1,148.98,148.98,1,2.0,0.0,0.0,47,183,Online Banking,0
57,Female,Married,High,2,233.87,116.935,2,1.0,0.0,0.0,31,220,Website,0
26,Male,Married,Low,7,1834.48,262.06857142857143,4,0.0,0.0,0.0,26,16,Mobile App,0
31,Male,Single,Medium,5,1302.43,260.486,3,0.0,0.0,0.0,14,29,Mobile App,1
25,Female,Married,Medium,1,41.19,41.19,1,2.0,0.0,0.0,4,53,Mobile App,0
34,Male,Widowed,Low,1,488.45,488.45,1,1.0,1.0,0.0,33,289,Online Banking,0
40,Female,Widowed,Medium,3,543.99,181.33,3,2.0,0.0,0.0,47,105,Website,0
33,Male,Widowed,Low,8,1698.21,212.27625,4,0.0,0.0,0.0,13,103,Website,0
43,Male,Married,Low,7,2131.01,304.43,4,1.0,1.0,0.0,48,256,Website,0
26,Female,Divorced,Medium,7,1373.54,196.22,3,2.0,1.0,1.0,41,315,Online Banking,0
53,Male,Widowed,High,8,1920.61,240.07625,4,2.0,0.0,0.0,34,316,Online Banking,0
24,Female,Married,Medium,8,2560.36,320.045,4,1.0,1.0,1.0,43,65,Mobile App,1
35,Male,Single,Medium,1,412.55,412.55,1,1.0,0.0,0.0,35,195,Mobile App,0
25,Female,Single,Medium,5,1115.64,223.12800000000001,4,0.0,0.0,0.0,28,207,Website,0
38,Male,Widowed,Medium,2,387.51,193.755,1,0.0,0.0,0.0,31,26,Mobile App,0
43,Male,Divorced,High,5,1002.46,200.49200000000002,4,2.0,0.0,0.0,30,219,Online Banking,0
20,Female,Single,High,6,1516.93,252.8216666666667,4,2.0,0.0,0.0,32,80,Mobile App,0
34,Female,Married,High,1,169.69,169.69,1,0.0,0.0,0.0,13,31,Website,0
68,Male,Married,Low,7,1461.03,208.71857142857144,4,0.0,0.0,0.0,41,115,Mobile App,0
63,Female,Single,High,5,1460.65,292.13,3,2.0,1.0,1.0,34,235,Mobile App,0
41,Male,Widowed,Low,5,1527.63,305.526,5,0.0,0.0,0.0,8,115,Website,1
42,Male,Widowed,Medium,2,364.46,182.23,2,2.0,1.0,1.0,42,172,Mobile App,0
22,Male,Single,High,8,2341.48,292.685,3,1.0,1.0,1.0,25,75,Online Banking,0
54,Female,Married,High,1,346.54,346.54,1,0.0,0.0,0.0,33,256,Online Banking,0
62,Female,Divorced,High,2,472.88,236.44,2,0.0,0.0,0.0,10,172,Online Banking,0
67,Female,Married,High,3,565.79,188.59666666666666,3,2.0,1.0,0.0,40,9,Website,0
41,Male,Divorced,High,9,2402.0,266.8888888888889,4,1.0,1.0,1.0,34,40,Mobile App,0
48,Male,Divorced,Medium,8,1730.33,216.29125,4,2.0,1.0,1.0,44,201,Website,0
43,Male,Single,High,9,2767.15,307.4611111111111,5,0.0,0.0,0.0,33,356,Website,0
38,Female,Widowed,Low,1,62.87,62.87,1,1.0,0.0,0.0,5,294,Mobile App,0
51,Male,Divorced,Low,1,336.72,336.72,1,2.0,0.0,0.0,45,311,Online Banking,0
55,Female,Married,High,1,449.87,449.87,1,2.0,0.0,0.0,27,170,Online Banking,0
41,Female,Widowed,Low,3,391.36,130.45333333333335,3,0.0,0.0,0.0,8,267,Online Banking,1
45,Female,Widowed,High,7,1668.22,238.31714285714287,3,0.0,0.0,0.0,7,259,Online Banking,0
47,Female,Married,Medium,9,2166.33,240.70333333333332,5,0.0,0.0,0.0,22,21,Website,0
51,Female,Single,Low,4,1217.08,304.27,3,0.0,0.0,0.0,46,48,Website,0
69,Male,Widowed,High,8,1918.1599999999999,239.76999999999998,4,0.0,0.0,0.0,28,190,Online Banking,1
69,Male,Divorced,Low,4,1104.21,276.0525,3,1.0,0.0,0.0,9,15,Website,0
40,Male,Married,High,4,818.31,204.5775,3,0.0,0.0,0.0,31,9,Online Banking,0
25,Male,Divorced,Low,6,1626.7,271.1166666666667,4,2.0,0.0,0.0,4,69,Mobile App,1
59,Female,Married,Medium,6,1916.68,319.44666666666666,5,1.0,0.0,0.0,5,206,Website,1
67,Female,Married,Low,5,1109.17,221.834,4,2.0,1.0,0.0,13,356,Mobile App,0
27,Female,Widowed,Low,9,2217.2799999999997,246.36444444444442,5,0.0,0.0,0.0,6,2,Mobile App,0
18,Male,Married,Low,3,251.45999999999998,83.82,3,0.0,0.0,0.0,23,349,Online Banking,0
37,Male,Widowed,Low,9,2460.07,273.3411111111111,4,2.0,1.0,0.0,47,292,Online Banking,0
54,Female,Married,High,6,1635.1299999999999,272.52166666666665,3,1.0,1.0,0.0,35,238,Mobile App,0
35,Male,Widowed,Medium,8,2145.93,268.24125,3,1.0,0.0,0.0,34,336,Mobile App,0
38,Male,Widowed,Medium,6,806.96,134.49333333333334,4,0.0,0.0,0.0,38,42,Online Banking,0
66,Male,Single,Low,5,1615.8400000000001,323.168,3,0.0,0.0,0.0,34,169,Mobile App,1
21,Female,Widowed,Low,5,1184.28,236.856,4,2.0,0.0,0.0,11,120,Website,0
60,Male,Widowed,Medium,8,1351.01,168.87625,4,1.0,0.0,0.0,6,206,Website,1
19,Female,Widowed,Medium,9,3386.04,376.2266666666667,3,1.0,0.0,0.0,32,166,Website,0
38,Male,Single,Medium,9,2624.42,291.6022222222222,3,2.0,0.0,0.0,35,341,Website,1
54,Female,Divorced,Medium,6,1262.48,210.41333333333333,4,1.0,0.0,0.0,34,284,Mobile App,0
22,Male,Divorced,Low,7,988.39,141.19857142857143,3,0.0,0.0,0.0,43,263,Mobile App,0
34,Male,Single,Medium,7,2129.71,304.2442857142857,5,1.0,0.0,0.0,28,108,Mobile App,0
66,Female,Widowed,Low,4,758.73,189.6825,3,2.0,1.0,0.0,5,136,Online Banking,0
65,Female,Widowed,Low,7,1624.23,232.03285714285715,4,2.0,0.0,0.0,34,82,Mobile App,0
28,Female,Married,Medium,1,393.84,393.84,1,0.0,0.0,0.0,33,201,Mobile App,1
63,Male,Divorced,High,6,1101.11,183.51833333333332,3,0.0,0.0,0.0,12,39,Online Banking,0
58,Female,Widowed,Low,7,2063.08,294.7257142857143,5,2.0,0.0,0.0,40,307,Online Banking,0
48,Male,Widowed,Medium,6,1483.12,247.18666666666664,4,1.0,0.0,0.0,44,32,Website,1
45,Female,Divorced,Low,5,1491.8,298.36,3,0.0,0.0,0.0,38,360,Online Banking,0
61,Male,Widowed,High,4,976.0,244.0,3,0.0,0.0,0.0,44,125,Online Banking,0
49,Male,Single,Medium,1,269.73,269.73,1,1.0,1.0,0.0,12,85,Mobile App,0
38,Male,Widowed,Low,6,1738.1399999999999,289.69,5,1.0,0.0,0.0,37,359,Online Banking,0
24,Female,Widowed,High,2,216.79,108.395,2,1.0,0.0,0.0,1,3,Website,0
27,Male,Divorced,High,6,1554.77,259.12833333333333,4,2.0,2.0,1.0,40,124,Mobile App,0
45,Female,Single,Low,2,763.91,381.955,2,0.0,0.0,0.0,5,187,Website,1
65,Male,Married,Medium,2,458.77,229.385,2,1.0,1.0,0.0,2,32,Mobile App,0
53,Male,Divorced,Medium,9,2429.2200000000003,269.91333333333336,5,0.0,0.0,0.0,46,40,Online Banking,0
37,Male,Married,Low,8,1317.1799999999998,164.64749999999998,5,0.0,0.0,0.0,25,261,Online Banking,0
30,Male,Married,High,4,703.3299999999999,175.83249999999998,3,2.0,1.0,1.0,38,103,Mobile App,0
36,Female,Single,High,6,1336.58,222.76333333333332,4,0.0,0.0,0.0,25,25,Website,0
67,Male,Married,High,3,551.93,183.97666666666666,3,1.0,0.0,0.0,48,58,Mobile App,0
28,Male,Single,High,7,2312.7,330.38571428571424,3,2.0,2.0,0.5,22,192,Mobile App,0
52,Female,Widowed,Low,4,1009.74,252.435,3,2.0,1.0,1.0,1,144,Online Banking,1
51,Male,Single,High,9,2325.03,258.3366666666667,4,2.0,1.0,1.0,25,78,Online Banking,1
61,Female,Divorced,Low,5,1536.61,307.322,3,0.0,0.0,0.0,33,72,Online Banking,0
21,Female,Married,Medium,9,2446.54,271.8377777777778,5,1.0,0.0,0.0,22,146,Website,1
30,Male,Single,Medium,1,392.1,392.1,1,1.0,1.0,1.0,31,181,Mobile App,1
54,Male,Divorced,High,9,2027.8799999999999,225.32,5,1.0,1.0,0.0,19,323,Online Banking,1
19,Female,Single,High,5,1362.35,272.46999999999997,3,0.0,0.0,0.0,48,152,Mobile App,0
67,Female,Married,High,1,172.81,172.81,1,0.0,0.0,0.0,18,197,Online Banking,0
18,Female,Married,Medium,6,1606.29,267.715,4,0.0,0.0,0.0,1,162,Mobile App,0
57,Female,Divorced,Low,6,1639.58,273.2633333333333,4,0.0,0.0,0.0,19,360,Online Banking,0
42,Female,Divorced,Low,3,612.22,204.07333333333335,2,0.0,0.0,0.0,14,4,Mobile App,1
54,Female,Divorced,Low,5,1073.98,214.796,3,0.0,0.0,0.0,11,355,Online Banking,0
53,Female,Divorced,High,9,3078.6,342.06666666666666,5,2.0,0.0,0.0,8,98,Mobile App,1
23,Female,Divorced,Low,9,1894.4,210.4888888888889,5,2.0,2.0,0.5,18,206,Mobile App,0
24,Male,Married,High,5,1959.29,391.858,3,2.0,1.0,0.0,9,169,Mobile App,0
21,Female,Widowed,Medium,2,645.75,322.875,2,2.0,1.0,1.0,43,326,Website,1
52,Male,Divorced,Low,9,2557.54,284.1711111111111,5,2.0,0.0,0.0,28,108,Website,0
58,Male,Widowed,High,9,2090.02,232.22444444444443,5,0.0,0.0,0.0,11,132,Mobile App,0
51,Female,Divorced,Low,9,2565.36,285.04,4,1.0,0.0,0.0,49,63,Online Banking,0
46,Female,Divorced,Medium,4,462.44,115.61,3,1.0,0.0,0.0,41,25,Website,0
22,Male,Divorced,Low,4,446.32,111.58,3,1.0,0.0,0.0,30,321,Online Banking,0
44,Male,Married,Low,3,343.51,114.50333333333333,2,0.0,0.0,0.0,44,4,Online Banking,0
50,Female,Widowed,Medium,6,1353.55,225.59166666666667,4,1.0,0.0,0.0,27,230,Online Banking,0
63,Female,Married,High,8,2333.7200000000003,291.71500000000003,4,1.0,0.0,0.0,26,228,Online Banking,0
69,Female,Single,High,6,1311.6399999999999,218.60666666666665,4,0.0,0.0,0.0,49,26,Mobile App,1
27,Female,Divorced,High,9,2008.12,223.12444444444444,4,1.0,1.0,1.0,12,53,Online Banking,1
23,Male,Divorced,Low,8,2372.58,296.5725,3,2.0,1.0,1.0,38,71,Website,0
51,Male,Widowed,Low,1,388.31,388.31,1,1.0,0.0,0.0,27,64,Mobile App,0
25,Male,Married,High,3,536.31,178.76999999999998,3,2.0,1.0,1.0,37,138,Mobile App,0
48,Male,Married,High,8,2145.98,268.2475,3,0.0,0.0,0.0,17,189,Mobile App,0
26,Male,Married,Low,4,1639.36,409.84,3,1.0,0.0,0.0,46,52,Mobile App,0
38,Male,Divorced,High,6,2067.57,344.595,4,0.0,0.0,0.0,9,219,Online Banking,1
25,Male,Widowed,High,2,651.88,325.94,2,2.0,0.0,0.0,6,202,Online Banking,0
21,Female,Single,Low,6,1286.35,214.39166666666665,4,2.0,0.0,0.0,13,101,Mobile App,0
39,Female,Single,Medium,2,649.47,324.735,2,1.0,0.0,0.0,6,349,Online Banking,0
45,Female,Married,Low,2,185.03,92.515,2,2.0,2.0,0.5,38,101,Mobile App,0
62,Female,Widowed,High,3,344.77,114.92333333333333,3,0.0,0.0,0.0,4,178,Mobile App,0
21,Male,Married,High,5,939.83,187.966,4,1.0,1.0,1.0,16,129,Online Banking,1
56,Male,Married,Medium,4,1099.45,274.8625,3,1.0,1.0,1.0,36,314,Website,0
38,Female,Married,Medium,2,452.87,226.435,2,2.0,1.0,0.0,43,85,Website,1
25,Male,Single,Low,2,575.05,287.525,2,2.0,2.0,0.0,14,325,Online Banking,0
37,Male,Single,Medium,3,716.14,238.71333333333334,2,0.0,0.0,0.0,29,344,Website,0
49,Male,Married,High,9,2116.14,235.12666666666667,5,0.0,0.0,0.0,24,33,Website,0
18,Male,Widowed,High,2,358.67,179.335,1,0.0,0.0,0.0,39,121,Mobile App,0
23,Female,Single,High,8,2140.26,267.5325,4,2.0,1.0,1.0,39,2,Online Banking,0
45,Female,Married,High,9,3027.91,336.4344444444444,5,2.0,1.0,1.0,45,363,Mobile App,0
61,Female,Single,Medium,3,1049.96,349.9866666666667,2,0.0,0.0,0.0,25,330,Website,0
48,Female,Divorced,High,7,2125.61,303.65857142857146,5,0.0,0.0,0.0,46,38,Website,0
27,Male,Divorced,High,6,1822.54,303.75666666666666,5,1.0,0.0,0.0,46,98,Mobile App,0
37,Female,Single,High,2,393.99,196.995,2,0.0,0.0,0.0,3,53,Website,0
25,Male,Married,Low,7,2132.54,304.6485714285714,4,1.0,0.0,0.0,42,326,Online Banking,0
39,Female,Single,Low,3,1179.98,393.32666666666665,3,2.0,0.0,0.0,27,30,Online Banking,0
55,Male,Widowed,High,6,1722.97,287.1616666666667,5,0.0,0.0,0.0,12,69,Online Banking,0
46,Female,Married,Medium,7,2151.66,307.38,4,1.0,1.0,1.0,43,139,Website,0
26,Male,Married,Medium,2,203.34,101.67,2,0.0,0.0,0.0,2,12,Mobile App,1
61,Male,Married,Low,6,1369.4,228.23333333333335,3,1.0,0.0,0.0,38,71,Online Banking,0
64,Male,Married,Low,9,2160.95,240.10555555555553,5,0.0,0.0,0.0,26,233,Online Banking,1
18,Male,Widowed,Medium,5,1090.13,218.026,2,0.0,0.0,0.0,29,203,Mobile App,0
58,Male,Single,Low,7,1859.23,265.6042857142857,3,0.0,0.0,0.0,45,209,Online Banking,0
69,Male,Single,Low,6,2436.25,406.0416666666667,3,2.0,0.0,0.0,30,254,Website,1
56,Male,Divorced,High,7,1867.21,266.7442857142857,4,0.0,0.0,0.0,38,200,Online Banking,0
43,Male,Married,Medium,1,472.36,472.36,1,0.0,0.0,0.0,41,35,Online Banking,0
28,Male,Divorced,High,3,1051.21,350.40333333333336,2,1.0,0.0,0.0,32,138,Online Banking,0
69,Female,Widowed,Low,6,1550.8500000000001,258.475,4,1.0,1.0,0.0,38,40,Online Banking,0
52,Female,Single,Low,7,2358.04,336.86285714285714,4,2.0,1.0,0.0,21,150,Mobile App,0
41,Female,Single,Low,3,962.48,320.82666666666665,2,1.0,0.0,0.0,8,251,Website,0
50,Female,Married,Low,2,538.06,269.03,2,0.0,0.0,0.0,6,340,Website,0
37,Female,Single,Medium,5,1331.4,266.28000000000003,2,0.0,0.0,0.0,4,343,Website,0
44,Male,Widowed,Medium,9,2437.4,270.82222222222225,4,1.0,0.0,0.0,17,275,Mobile App,1
32,Female,Widowed,Medium,9,1550.26,172.2511111111111,4,2.0,1.0,1.0,21,175,Mobile App,0
50,Female,Married,Medium,4,755.9300000000001,188.98250000000002,3,2.0,0.0,0.0,4,11,Website,1
69,Male,Divorced,High,8,2373.23,296.65375,4,1.0,0.0,0.0,35,251,Website,1
24,Female,Married,High,3,715.6,238.53333333333333,3,1.0,1.0,0.0,30,253,Mobile App,0
51,Female,Widowed,High,2,402.41,201.205,1,0.0,0.0,0.0,27,223,Online Banking,1
62,Male,Single,Low,2,232.75,116.375,1,2.0,1.0,0.0,12,31,Website,0
68,Female,Single,Medium,2,407.65999999999997,203.82999999999998,2,1.0,1.0,1.0,48,282,Mobile App,0
63,Female,Single,Medium,7,1876.3600000000001,268.0514285714286,3,0.0,0.0,0.0,20,75,Online Banking,0
59,Male,Widowed,Medium,4,783.96,195.99,3,0.0,0.0,0.0,40,320,Online Banking,0
22,Male,Divorced,High,7,1677.08,239.58285714285714,4,2.0,1.0,1.0,44,55,Online Banking,0
47,Male,Married,Low,6,1709.36,284.8933333333333,4,2.0,0.0,0.0,41,268,Online Banking,0
45,Male,Divorced,Low,5,1667.53,333.506,2,1.0,0.0,0.0,33,48,Online Banking,1
35,Female,Single,Low,3,623.49,207.83,3,1.0,0.0,0.0,10,275,Website,0
53,Female,Married,High,8,1726.51,215.81375,3,2.0,1.0,0.0,5,41,Mobile App,1
20,Female,Widowed,Medium,9,2356.94,261.88222222222225,3,2.0,1.0,1.0,11,256,Mobile App,1
38,Male,Widowed,High,9,1383.59,153.73222222222222,4,0.0,0.0,0.0,21,79,Mobile App,0
63,Female,Divorced,Medium,1,215.12,215.12,1,2.0,1.0,1.0,20,253,Online Banking,0
33,Male,Married,Low,8,2642.14,330.2675,4,0.0,0.0,0.0,44,332,Mobile App,0
54,Female,Single,Medium,9,2959.62,328.84666666666664,5,1.0,0.0,0.0,9,362,Online Banking,0
59,Male,Divorced,Low,9,2544.69,282.74333333333334,5,2.0,0.0,0.0,30,206,Mobile App,0
22,Female,Widowed,Low,8,2270.36,283.795,3,1.0,0.0,0.0,48,253,Online Banking,0
67,Female,Married,Low,5,1346.76,269.352,2,0.0,0.0,0.0,4,208,Mobile App,0
68,Male,Married,Medium,7,1726.8999999999999,246.7,3,1.0,0.0,0.0,9,76,Website,0
31,Male,Widowed,High,7,1906.1000000000001,272.3,4,0.0,0.0,0.0,40,176,Online Banking,0
48,Male,Single,Low,9,2347.42,260.82444444444445,4,2.0,1.0,0.0,3,16,Website,0
63,Female,Single,Medium,4,865.0,216.25,4,1.0,0.0,0.0,38,40,Online Banking,0
41,Female,Widowed,Low,8,2473.79,309.22375,5,2.0,1.0,1.0,25,112,Website,0
52,Male,Widowed,Medium,9,1158.83,128.7588888888889,4,0.0,0.0,0.0,37,233,Mobile App,1
53,Male,Single,High,5,1476.4,295.28000000000003,3,0.0,0.0,0.0,30,199,Mobile App,0
27,Male,Divorced,Low,3,437.92999999999995,145.97666666666666,3,2.0,1.0,0.0,31,240,Website,0
44,Male,Divorced,Low,4,1187.98,296.995,2,0.0,0.0,0.0,17,353,Mobile App,1
44,Female,Married,Low,1,271.99,271.99,1,0.0,0.0,0.0,10,90,Website,0
40,Male,Married,High,5,1489.51,297.902,3,1.0,1.0,1.0,8,350,Mobile App,1
30,Male,Divorced,Medium,9,2463.96,273.7733333333333,4,1.0,1.0,1.0,2,352,Mobile App,0
33,Female,Married,Low,1,110.77,110.77,1,2.0,2.0,0.5,32,11,Website,0
52,Female,Divorced,Low,5,1504.22,300.844,3,0.0,0.0,0.0,11,25,Mobile App,0
44,Male,Married,High,3,624.87,208.29,3,1.0,1.0,1.0,10,82,Online Banking,0
69,Female,Divorced,Medium,7,1688.29,241.18428571428572,4,2.0,1.0,0.0,41,15,Online Banking,0
56,Male,Married,High,3,612.18,204.05999999999997,2,0.0,0.0,0.0,32,128,Online Banking,0
64,Female,Married,High,3,1239.16,413.05333333333334,3,1.0,0.0,0.0,24,282,Mobile App,1
34,Female,Divorced,Low,3,481.67999999999995,160.55999999999997,2,2.0,0.0,0.0,7,143,Online Banking,0
65,Male,Single,Medium,8,1674.35,209.29375,5,1.0,0.0,0.0,29,140,Online Banking,1
58,Female,Divorced,Low,7,2146.58,306.6542857142857,5,0.0,0.0,0.0,2,344,Online Banking,1
18,Male,Divorced,Low,7,1025.54,146.50571428571428,4,2.0,0.0,0.0,16,42,Mobile App,1
28,Male,Widowed,High,1,244.19,244.19,1,1.0,0.0,0.0,31,249,Online Banking,1
29,Female,Single,High,3,694.35,231.45000000000002,2,1.0,1.0,1.0,12,310,Online Banking,0
31,Female,Married,Low,2,204.8,102.4,1,1.0,0.0,0.0,32,139,Online Banking,0
25,Male,Single,High,5,754.54,150.908,4,1.0,0.0,0.0,47,92,Online Banking,0
48,Female,Single,High,7,1074.25,153.46428571428572,4,2.0,0.0,0.0,41,264,Online Banking,0
24,Female,Single,Medium,4,934.44,233.61,3,0.0,0.0,0.0,18,43,Website,0
63,Female,Widowed,Low,9,2452.39,272.48777777777775,4,0.0,0.0,0.0,3,151,Mobile App,1
48,Male,Widowed,Low,8,2416.9,302.1125,4,0.0,0.0,0.0,16,308,Website,0
33,Female,Married,Medium,6,1929.48,321.58,5,1.0,0.0,0.0,49,46,Website,1
59,Female,Divorced,High,1,67.65,67.65,1,1.0,0.0,0.0,42,350,Website,0
56,Male,Single,Medium,3,657.3699999999999,219.1233333333333,2,2.0,0.0,0.0,18,359,Online Banking,0
61,Female,Married,Medium,2,942.44,471.22,1,1.0,0.0,0.0,44,137,Website,1
36,Male,Married,Medium,1,238.83,238.83,1,2.0,1.0,0.0,15,162,Website,0
25,Male,Widowed,High,6,1060.8600000000001,176.81000000000003,4,1.0,0.0,0.0,41,34,Online Banking,0
46,Male,Divorced,Medium,8,1985.72,248.215,4,2.0,0.0,0.0,37,58,Online Banking,0
19,Male,Divorced,Low,4,1053.54,263.385,3,2.0,1.0,1.0,23,255,Mobile App,0
59,Female,Widowed,High,5,1574.74,314.948,2,1.0,0.0,0.0,26,22,Online Banking,0
20,Male,Single,Medium,5,1041.72,208.344,3,2.0,0.0,0.0,7,96,Online Banking,0
68,Male,Widowed,Medium,8,1629.96,203.745,4,1.0,0.0,0.0,48,250,Online Banking,0
46,Male,Married,Medium,2,194.63,97.315,2,0.0,0.0,0.0,21,246,Website,0
32,Female,Widowed,Medium,8,1874.22,234.2775,4,1.0,0.0,0.0,29,277,Website,0
55,Male,Divorced,Medium,8,2408.65,301.08125,4,2.0,1.0,0.0,45,38,Website,0
45,Male,Single,Medium,9,1717.5700000000002,190.84111111111113,4,2.0,1.0,0.0,7,200,Online Banking,1
54,Male,Married,Low,6,1587.38,264.56333333333333,3,1.0,1.0,1.0,6,139,Online Banking,0
49,Male,Married,High,7,1060.42,151.48857142857145,4,0.0,0.0,0.0,27,106,Online Banking,1
47,Male,Divorced,Low,2,266.05,133.025,1,1.0,0.0,0.0,43,112,Mobile App,1
68,Male,Widowed,Medium,1,328.56,328.56,1,2.0,0.0,0.0,46,187,Website,0
64,Male,Married,Medium,1,163.69,163.69,1,0.0,0.0,0.0,17,312,Website,1
47,Male,Widowed,Medium,1,12.46,12.46,1,2.0,1.0,1.0,24,296,Mobile App,0
68,Male,Married,Low,3,1028.17,342.72333333333336,2,1.0,0.0,0.0,28,143,Website,0
51,Male,Divorced,Medium,4,759.5699999999999,189.89249999999998,2,1.0,0.0,0.0,26,184,Website,0
30,Male,Married,Low,2,499.67,249.835,2,1.0,1.0,0.0,38,124,Online Banking,1
50,Male,Married,High,7,1467.02,209.5742857142857,4,0.0,0.0,0.0,26,229,Online Banking,0
59,Female,Single,Low,5,1245.86,249.17199999999997,3,2.0,1.0,1.0,40,228,Website,0
34,Female,Married,Low,1,392.17,392.17,1,1.0,0.0,0.0,1,277,Mobile App,0
20,Male,Divorced,High,9,1437.17,159.68555555555557,4,1.0,0.0,0.0,19,316,Mobile App,0
26,Female,Married,Medium,9,2097.25,233.02777777777777,5,2.0,1.0,1.0,26,335,Mobile App,0
69,Female,Divorced,Low,7,1567.52,223.93142857142857,5,0.0,0.0,0.0,35,175,Mobile App,0
28,Female,Widowed,High,5,1135.3,227.06,4,1.0,0.0,0.0,16,25,Online Banking,1
66,Male,Divorced,Low,6,1132.79,188.79833333333332,3,1.0,0.0,0.0,13,190,Mobile App,1
44,Female,Widowed,Low,6,1658.16,276.36,3,2.0,1.0,1.0,10,98,Website,0
45,Female,Married,High,8,2676.26,334.5325,5,2.0,1.0,0.0,8,141,Mobile App,0
19,Male,Divorced,Low,8,1579.69,197.46125,5,0.0,0.0,0.0,27,81,Mobile App,0
18,Female,Single,High,4,758.41,189.6025,3,0.0,0.0,0.0,26,122,Mobile App,0
23,Female,Divorced,Low,6,1160.99,193.49833333333333,5,1.0,1.0,1.0,3,264,Mobile App,0
42,Female,Widowed,Medium,6,1972.94,328.8233333333333,4,1.0,1.0,1.0,45,130,Online Banking,0
52,Female,Widowed,High,5,1405.19,281.038,3,1.0,1.0,1.0,36,200,Online Banking,0
33,Male,Single,Medium,1,474.38,474.38,1,0.0,0.0,0.0,41,71,Online Banking,0
21,Female,Divorced,Low,6,1442.15,240.35833333333335,4,1.0,0.0,0.0,8,74,Online Banking,0
64,Male,Married,Medium,7,1668.59,238.36999999999998,3,1.0,0.0,0.0,32,212,Website,0
55,Female,Divorced,High,8,2232.41,279.05125,4,2.0,1.0,1.0,19,56,Website,0
61,Female,Divorced,Low,1,143.34,143.34,1,0.0,0.0,0.0,12,274,Online Banking,0
37,Female,Divorced,High,9,2587.47,287.49666666666667,3,1.0,1.0,0.0,45,307,Online Banking,0
42,Female,Single,Low,1,77.31,77.31,1,2.0,0.0,0.0,45,275,Mobile App,0
24,Female,Single,Medium,8,1779.5,222.4375,4,2.0,1.0,0.0,13,183,Mobile App,0
38,Male,Single,Medium,9,2314.49,257.16555555555556,5,2.0,1.0,1.0,44,343,Online Banking,1
24,Male,Single,High,9,2461.3,273.4777777777778,5,2.0,0.0,0.0,48,208,Online Banking,0
46,Male,Single,High,5,923.55,184.70999999999998,4,0.0,0.0,0.0,45,46,Mobile App,0
69,Female,Married,Low,1,308.82,308.82,1,2.0,2.0,0.5,7,180,Website,1
24,Male,Divorced,High,4,864.3,216.075,3,1.0,1.0,0.0,47,254,Online Banking,0
20,Female,Divorced,High,7,1700.3,242.9,4,2.0,0.0,0.0,47,123,Website,0
46,Male,Married,Medium,9,2490.85,276.7611111111111,4,0.0,0.0,0.0,16,8,Website,0
46,Male,Married,High,4,1463.19,365.7975,3,0.0,0.0,0.0,32,193,Mobile App,0
56,Male,Married,High,5,1084.11,216.82199999999997,5,1.0,0.0,0.0,9,109,Mobile App,1
55,Female,Married,Low,5,1383.28,276.656,3,2.0,0.0,0.0,26,135,Online Banking,0
23,Male,Single,Medium,5,1240.94,248.18800000000002,4,1.0,0.0,0.0,48,161,Mobile App,0
63,Female,Divorced,Medium,2,534.74,267.37,2,0.0,0.0,0.0,40,158,Website,1
27,Male,Married,Low,4,1019.6700000000001,254.91750000000002,3,0.0,0.0,0.0,47,156,Website,0
54,Female,Widowed,Medium,9,1446.69,160.74333333333334,4,1.0,0.0,0.0,20,38,Online Banking,0
31,Female,Married,Low,9,2281.4700000000003,253.4966666666667,5,2.0,0.0,0.0,6,88,Website,0
39,Female,Divorced,Low,4,897.51,224.3775,3,0.0,0.0,0.0,11,342,Mobile App,0
49,Female,Widowed,High,3,638.06,212.68666666666664,3,0.0,0.0,0.0,29,10,Online Banking,0
35,Female,Married,High,2,683.19,341.595,1,0.0,0.0,0.0,7,355,Mobile App,1
53,Female,Single,Low,5,1421.26,284.252,3,0.0,0.0,0.0,29,191,Website,0
63,Female,Single,High,8,2154.62,269.3275,4,1.0,1.0,0.0,43,92,Mobile App,0
69,Female,Widowed,High,7,1500.44,214.34857142857143,3,0.0,0.0,0.0,4,354,Online Banking,0
26,Female,Single,Medium,9,2615.4300000000003,290.60333333333335,4,2.0,0.0,0.0,24,326,Mobile App,1
43,Female,Widowed,Medium,1,55.77,55.77,1,1.0,1.0,1.0,3,325,Website,1
39,Male,Married,High,2,489.1,244.55,2,0.0,0.0,0.0,12,174,Online Banking,0
63,Female,Divorced,Low,2,273.02,136.51,1,0.0,0.0,0.0,35,182,Website,0
55,Male,Widowed,Low,4,994.16,248.54,2,0.0,0.0,0.0,8,321,Mobile App,1
40,Male,Married,High,8,2810.28,351.285,5,2.0,0.0,0.0,38,14,Online Banking,0
34,Female,Widowed,High,9,2395.1,266.1222222222222,4,0.0,0.0,0.0,41,348,Online Banking,0
43,Male,Divorced,Low,5,681.77,136.35399999999998,3,0.0,0.0,0.0,38,1,Mobile App,1
64,Female,Single,Medium,7,1289.55,184.22142857142856,4,2.0,1.0,0.0,15,107,Mobile App,0
55,Female,Single,Medium,3,948.6800000000001,316.2266666666667,2,0.0,0.0,0.0,5,59,Website,0
19,Male,Widowed,Low,7,1783.47,254.78142857142856,4,2.0,0.0,0.0,40,230,Website,0
23,Female,Divorced,High,1,104.0,104.0,1,1.0,0.0,0.0,16,280,Online Banking,0
24,Male,Married,Medium,1,35.24,35.24,1,1.0,0.0,0.0,46,364,Online Banking,0
30,Male,Married,Low,3,807.48,269.16,3,1.0,0.0,0.0,28,94,Website,0
44,Male,Married,High,1,346.94,346.94,1,0.0,0.0,0.0,13,164,Mobile App,0
28,Male,Widowed,High,6,1373.66,228.94333333333336,3,0.0,0.0,0.0,41,247,Website,0
32,Female,Single,Medium,1,391.99,391.99,1,1.0,1.0,1.0,11,309,Website,0
26,Female,Widowed,High,5,1159.3899999999999,231.878,3,2.0,0.0,0.0,37,32,Mobile App,0
25,Female,Widowed,Low,8,1792.54,224.0675,4,1.0,0.0,0.0,3,295,Website,0
63,Male,Widowed,Low,8,1170.32,146.29,3,0.0,0.0,0.0,8,115,Mobile App,0
23,Female,Married,Low,2,555.91,277.955,1,1.0,0.0,0.0,38,213,Online Banking,0
65,Male,Divorced,Low,9,3220.3,357.81111111111113,5,2.0,0.0,0.0,47,355,Mobile App,1
60,Male,Widowed,High,7,1950.63,278.6614285714286,3,2.0,0.0,0.0,34,243,Website,0
21,Male,Married,Low,6,1845.21,307.535,4,1.0,0.0,0.0,38,173,Mobile App,0
28,Male,Widowed,Medium,2,434.86,217.43,2,0.0,0.0,0.0,42,16,Online Banking,0
68,Male,Widowed,High,6,1551.13,258.5216666666667,3,2.0,0.0,0.0,24,336,Website,0
45,Male,Married,High,5,921.3299999999999,184.266,4,0.0,0.0,0.0,18,248,Website,0
43,Female,Divorced,High,3,814.74,271.58,2,1.0,0.0,0.0,25,273,Website,0
21,Female,Divorced,Low,7,2143.56,306.22285714285715,3,2.0,0.0,0.0,13,213,Website,0
32,Female,Single,High,2,477.73,238.865,2,1.0,0.0,0.0,39,69,Website,0
36,Male,Widowed,Low,2,627.29,313.645,2,0.0,0.0,0.0,22,79,Mobile App,0
23,Male,Single,Low,8,2048.2,256.025,5,1.0,1.0,0.0,30,125,Online Banking,0
22,Female,Married,High,6,1252.1,208.6833333333333,5,0.0,0.0,0.0,30,141,Mobile App,0
35,Female,Widowed,High,5,1552.44,310.488,4,1.0,1.0,1.0,37,241,Website,0
23,Female,Married,Low,2,161.07,80.535,2,1.0,0.0,0.0,45,326,Mobile App,0
48,Male,Single,High,6,1247.79,207.965,5,1.0,0.0,0.0,43,12,Website,0
42,Female,Married,High,8,1559.5,194.9375,5,0.0,0.0,0.0,15,12,Online Banking,0
21,Female,Married,Low,9,1865.72,207.3022222222222,5,1.0,0.0,0.0,35,16,Mobile App,0
23,Male,Divorced,Low,3,681.14,227.04666666666665,2,2.0,0.0,0.0,6,351,Online Banking,1
58,Male,Widowed,High,5,1047.12,209.42399999999998,3,2.0,1.0,0.0,11,119,Mobile App,0
54,Female,Widowed,Low,8,2165.4900000000002,270.68625000000003,4,2.0,0.0,0.0,28,88,Website,0
67,Female,Widowed,Low,3,576.3,192.1,3,1.0,1.0,1.0,30,304,Website,0
42,Male,Married,Medium,9,2132.05,236.89444444444447,4,2.0,0.0,0.0,16,233,Mobile App,0
51,Male,Divorced,High,3,675.36,225.12,1,2.0,2.0,1.0,28,221,Mobile App,0
36,Male,Single,High,2,338.96999999999997,169.48499999999999,2,0.0,0.0,0.0,25,86,Online Banking,0
51,Male,Widowed,High,9,2094.81,232.75666666666666,5,1.0,1.0,0.0,48,219,Online Banking,0
32,Female,Married,High,8,2317.66,289.7075,5,1.0,1.0,0.0,30,193,Website,0
67,Female,Divorced,High,2,583.1,291.55,2,0.0,0.0,0.0,45,277,Online Banking,1
25,Female,Divorced,Low,4,1118.41,279.6025,3,2.0,1.0,0.0,14,157,Online Banking,0
61,Female,Widowed,High,6,1132.03,188.67166666666665,4,0.0,0.0,0.0,27,206,Website,0
64,Female,Divorced,High,9,2639.2799999999997,293.25333333333333,4,0.0,0.0,0.0,48,205,Website,0
66,Male,Divorced,Medium,2,604.8199999999999,302.40999999999997,1,1.0,0.0,0.0,30,14,Mobile App,0
51,Male,Married,Low,4,967.0799999999999,241.76999999999998,2,2.0,1.0,1.0,10,30,Online Banking,0
35,Female,Single,High,2,284.57,142.285,2,0.0,0.0,0.0,20,329,Mobile App,1
47,Male,Divorced,High,3,618.27,206.09,3,2.0,1.0,1.0,44,309,Online Banking,0
30,Female,Single,High,8,2600.41,325.05125,4,2.0,0.0,0.0,7,133,Website,0
64,Female,Divorced,High,6,1172.35,195.39166666666665,2,1.0,1.0,0.0,34,130,Website,0
50,Female,Divorced,Low,9,2056.76,228.5288888888889,4,2.0,0.0,0.0,27,25,Website,0
52,Female,Divorced,Medium,6,1560.95,260.15833333333336,4,2.0,1.0,0.0,23,189,Online Banking,1
69,Male,Widowed,Medium,4,1122.07,280.5175,3,0.0,0.0,0.0,46,58,Website,0
41,Female,Widowed,High,3,539.68,179.89333333333332,3,0.0,0.0,0.0,45,316,Website,0
43,Female,Widowed,Medium,6,2081.7,346.95,3,0.0,0.0,0.0,25,145,Mobile App,0
64,Female,Single,Medium,5,1484.12,296.82399999999996,4,1.0,0.0,0.0,28,117,Mobile App,1
68,Male,Single,Medium,9,1725.5,191.72222222222223,4,2.0,0.0,0.0,18,147,Online Banking,0
61,Female,Widowed,Medium,2,575.97,287.985,2,1.0,1.0,0.0,13,295,Website,0
59,Male,Single,Medium,1,477.75,477.75,1,2.0,0.0,0.0,13,336,Online Banking,0
64,Male,Married,Low,9,1309.22,145.4688888888889,3,1.0,0.0,0.0,45,359,Online Banking,0
18,Female,Single,Low,9,2577.9500000000003,286.4388888888889,5,1.0,1.0,1.0,34,56,Mobile App,1
30,Male,Married,Low,5,693.13,138.626,3,2.0,1.0,0.0,14,248,Mobile App,1
27,Male,Widowed,Medium,1,496.99,496.99,1,0.0,0.0,0.0,28,320,Mobile App,0
36,Female,Married,Low,5,1079.2,215.84,3,1.0,0.0,0.0,13,25,Online Banking,0
22,Female,Widowed,Medium,3,910.23,303.41,3,2.0,1.0,0.0,34,176,Website,0
25,Male,Widowed,Medium,8,2189.69,273.71125,4,0.0,0.0,0.0,5,144,Mobile App,0
21,Female,Widowed,Low,5,1068.46,213.692,4,0.0,0.0,0.0,40,132,Mobile App,0
66,Male,Single,High,5,1257.45,251.49,3,2.0,1.0,1.0,10,220,Mobile App,0
30,Female,Divorced,Medium,6,970.67,161.77833333333334,3,2.0,0.0,0.0,36,336,Website,0
55,Female,Divorced,Medium,7,1500.63,214.3757142857143,4,2.0,1.0,1.0,6,263,Online Banking,0
63,Female,Married,Low,4,1124.58,281.145,3,2.0,0.0,0.0,21,246,Online Banking,0
66,Male,Divorced,Medium,8,1918.91,239.86375,4,0.0,0.0,0.0,35,178,Website,0
63,Male,Widowed,Medium,1,41.49,41.49,1,0.0,0.0,0.0,16,38,Online Banking,0
36,Male,Divorced,Medium,5,1586.9,317.38,4,1.0,0.0,0.0,20,153,Website,1
69,Female,Married,Low,5,1647.73,329.546,3,2.0,1.0,1.0,31,148,Mobile App,0
67,Male,Widowed,High,6,1488.0,248.0,3,0.0,0.0,0.0,5,101,Website,1
25,Female,Single,High,9,2064.51,229.39000000000001,5,2.0,1.0,1.0,6,161,Online Banking,0
44,Female,Widowed,Low,6,1563.06,260.51,4,1.0,0.0,0.0,2,168,Mobile App,0
67,Male,Widowed,Medium,7,2107.59,301.0842857142857,5,1.0,1.0,1.0,39,74,Mobile App,0
64,Female,Married,High,2,548.61,274.305,1,1.0,0.0,0.0,22,338,Mobile App,0
47,Male,Single,Low,5,1042.79,208.558,4,1.0,0.0,0.0,11,116,Mobile App,1
21,Female,Widowed,Low,6,1133.6799999999998,188.94666666666663,2,0.0,0.0,0.0,15,144,Website,0
28,Male,Single,Medium,4,1567.71,391.9275,3,2.0,0.0,0.0,13,145,Online Banking,0
38,Female,Widowed,Medium,7,1960.77,280.11,4,1.0,0.0,0.0,33,85,Online Banking,0
60,Female,Widowed,Low,9,2141.4,237.93333333333334,5,2.0,0.0,0.0,46,113,Mobile App,0
19,Male,Married,Low,8,1255.38,156.9225,4,2.0,2.0,0.5,14,236,Website,0
38,Male,Widowed,Low,5,1041.15,208.23000000000002,2,0.0,0.0,0.0,39,134,Online Banking,1
34,Female,Widowed,High,8,1755.6999999999998,219.46249999999998,5,2.0,1.0,0.0,2,103,Website,1
60,Male,Widowed,Medium,9,2782.16,309.12888888888887,4,1.0,0.0,0.0,10,248,Website,0
68,Female,Divorced,Low,2,441.32,220.66,2,2.0,0.0,0.0,42,11,Website,1
46,Female,Single,Medium,5,1381.17,276.23400000000004,3,2.0,0.0,0.0,30,148,Online Banking,0
44,Female,Married,High,6,1189.15,198.1916666666667,3,1.0,0.0,0.0,32,79,Website,0
41,Female,Married,Low,6,2430.75,405.125,4,2.0,2.0,0.0,9,223,Website,0
66,Female,Married,Medium,4,993.04,248.26,3,1.0,0.0,0.0,48,1,Online Banking,0
20,Male,Widowed,High,9,2309.95,256.6611111111111,5,0.0,0.0,0.0,16,326,Website,0
56,Male,Single,Low,4,922.22,230.555,2,1.0,0.0,0.0,39,3,Website,0
27,Male,Divorced,Medium,6,953.9499999999999,158.99166666666665,3,2.0,0.0,0.0,5,219,Mobile App,0
20,Female,Divorced,Low,4,912.13,228.0325,2,1.0,0.0,0.0,46,363,Mobile App,1
62,Male,Married,Medium,5,1213.09,242.618,3,2.0,1.0,1.0,15,218,Online Banking,0
59,Male,Single,Medium,7,1621.99,231.71285714285713,4,0.0,0.0,0.0,4,118,Website,0
43,Male,Divorced,High,2,504.29,252.145,1,2.0,0.0,0.0,24,116,Mobile App,0
54,Female,Married,High,8,2136.39,267.04875,4,1.0,0.0,0.0,25,48,Website,0
44,Male,Divorced,High,7,2218.53,316.9328571428572,4,1.0,0.0,0.0,37,13,Website,0
22,Male,Divorced,High,6,1100.6200000000001,183.4366666666667,4,1.0,1.0,0.0,24,349,Website,0
59,Male,Single,High,3,421.3,140.43333333333334,3,1.0,1.0,0.0,42,134,Online Banking,1
28,Female,Married,Medium,4,1217.41,304.3525,3,0.0,0.0,0.0,13,307,Mobile App,1
30,Male,Divorced,High,6,1759.63,293.2716666666667,2,2.0,0.0,0.0,20,136,Online Banking,0
58,Female,Widowed,Medium,9,1482.3600000000001,164.70666666666668,5,0.0,0.0,0.0,5,325,Mobile App,0
51,Female,Widowed,Medium,4,1290.08,322.52,3,1.0,1.0,0.0,20,318,Online Banking,0
55,Male,Divorced,Low,2,871.11,435.555,2,1.0,1.0,0.0,18,268,Online Banking,0
57,Female,Single,Medium,7,2042.29,291.7557142857143,4,2.0,1.0,0.0,39,298,Mobile App,1
50,Male,Single,Medium,8,2206.29,275.78625,4,0.0,0.0,0.0,49,24,Website,0
51,Female,Divorced,High,9,1650.27,183.36333333333334,5,2.0,0.0,0.0,3,224,Online Banking,0
44,Male,Single,Medium,2,493.38,246.69,2,0.0,0.0,0.0,44,133,Online Banking,0
53,Male,Single,High,8,1299.37,162.42125,4,0.0,0.0,0.0,31,73,Online Banking,0
43,Female,Widowed,Medium,4,337.9,84.475,2,0.0,0.0,0.0,30,15,Website,0
68,Male,Married,Medium,8,1295.74,161.9675,3,1.0,1.0,0.0,41,284,Online Banking,0
42,Female,Married,High,5,985.26,197.052,4,1.0,0.0,0.0,24,240,Website,0
36,Male,Divorced,Low,2,566.46,283.23,2,0.0,0.0,0.0,5,115,Online Banking,0
38,Female,Divorced,Medium,2,304.95,152.475,2,1.0,1.0,0.0,20,196,Mobile App,0
48,Female,Divorced,Medium,9,2275.24,252.8044444444444,4,2.0,1.0,1.0,24,337,Mobile App,0
46,Female,Widowed,High,3,651.38,217.12666666666667,3,1.0,0.0,0.0,17,1,Online Banking,1
26,Female,Widowed,High,1,318.01,318.01,1,0.0,0.0,0.0,8,331,Online Banking,0
36,Female,Single,Low,9,1087.05,120.78333333333333,3,0.0,0.0,0.0,21,51,Website,0
43,Male,Widowed,Low,6,1099.45,183.24166666666667,4,1.0,1.0,1.0,14,167,Mobile App,1
42,Male,Married,Low,6,2317.93,386.32166666666666,4,0.0,0.0,0.0,38,84,Online Banking,1
57,Female,Widowed,Medium,4,1361.59,340.3975,3,1.0,0.0,0.0,32,81,Online Banking,0
60,Male,Divorced,Medium,1,144.37,144.37,1,0.0,0.0,0.0,36,202,Online Banking,0
46,Male,Married,High,2,395.99,197.995,2,0.0,0.0,0.0,40,168,Website,0
42,Female,Single,High,8,1417.95,177.24375,4,1.0,0.0,0.0,4,120,Mobile App,1
36,Female,Married,High,5,1463.62,292.724,3,0.0,0.0,0.0,21,132,Website,0
21,Female,Widowed,Low,5,1000.79,200.158,3,1.0,0.0,0.0,25,109,Mobile App,0
62,Female,Widowed,Low,5,1521.8600000000001,304.372,3,1.0,0.0,0.0,45,41,Mobile App,0
37,Male,Single,Low,5,825.2,165.04000000000002,4,1.0,1.0,0.0,1,164,Mobile App,0
63,Male,Divorced,Medium,6,1130.44,188.40666666666667,2,2.0,1.0,0.0,47,209,Mobile App,1
18,Female,Single,Medium,7,1600.01,228.57285714285715,4,0.0,0.0,0.0,13,128,Website,0
28,Male,Single,High,9,1729.93,192.21444444444444,5,2.0,1.0,0.0,16,363,Online Banking,0
21,Male,Single,Low,5,1182.6,236.51999999999998,4,0.0,0.0,0.0,29,187,Mobile App,0
24,Female,Single,Medium,5,997.8299999999999,199.56599999999997,2,1.0,1.0,0.0,39,191,Mobile App,0
45,Male,Widowed,Low,8,1829.46,228.6825,4,1.0,0.0,0.0,29,150,Website,1
53,Male,Divorced,Medium,8,2806.69,350.83625,3,1.0,1.0,0.0,12,278,Mobile App,0
24,Female,Married,Low,5,1069.53,213.906,4,1.0,1.0,0.0,31,328,Website,0
37,Male,Divorced,Medium,6,1505.23,250.87166666666667,4,0.0,0.0,0.0,20,62,Mobile App,0
52,Male,Divorced,Medium,8,2238.86,279.8575,5,0.0,0.0,0.0,35,317,Online Banking,0
68,Male,Single,Medium,5,1667.48,333.496,2,0.0,0.0,0.0,41,104,Mobile App,0
68,Female,Divorced,Medium,6,1672.9299999999998,278.82166666666666,5,2.0,1.0,0.0,28,40,Online Banking,0
56,Female,Single,High,2,690.1600000000001,345.08000000000004,2,2.0,0.0,0.0,35,363,Mobile App,1
38,Male,Married,Low,5,830.54,166.108,4,2.0,1.0,1.0,29,346,Website,0
61,Female,Single,Medium,1,38.12,38.12,1,0.0,0.0,0.0,44,134,Mobile App,1
18,Male,Married,Medium,2,580.18,290.09,1,1.0,0.0,0.0,39,337,Online Banking,0
54,Female,Divorced,Low,4,569.13,142.2825,2,1.0,1.0,1.0,29,100,Mobile App,0
63,Male,Single,Medium,3,1178.95,392.98333333333335,3,1.0,1.0,1.0,34,31,Website,0
59,Female,Widowed,Medium,1,47.85,47.85,1,2.0,0.0,0.0,10,173,Mobile App,0
20,Male,Married,Low,8,2656.16,332.02,4,2.0,0.0,0.0,37,98,Online Banking,0
51,Male,Divorced,High,3,524.36,174.78666666666666,2,0.0,0.0,0.0,48,228,Website,0
30,Female,Married,High,1,379.0,379.0,1,1.0,0.0,0.0,7,175,Mobile App,1
33,Male,Single,Medium,2,224.33,112.165,1,2.0,1.0,0.0,9,146,Website,0
51,Male,Widowed,High,9,2320.9,257.8777777777778,4,0.0,0.0,0.0,16,161,Website,0
41,Female,Married,High,2,410.36,205.18,2,2.0,0.0,0.0,21,219,Mobile App,0
30,Female,Married,Medium,2,258.79,129.395,2,1.0,0.0,0.0,14,230,Website,0
23,Male,Married,Medium,6,1581.13,263.5216666666667,4,0.0,0.0,0.0,2,300,Online Banking,0
56,Male,Divorced,High,7,1031.04,147.29142857142855,5,2.0,0.0,0.0,26,79,Online Banking,0
19,Male,Widowed,Medium,7,1537.15,219.59285714285716,5,0.0,0.0,0.0,34,287,Website,0
28,Female,Widowed,Medium,9,2739.69,304.41,4,1.0,0.0,0.0,47,205,Mobile App,0
24,Female,Widowed,High,2,440.09000000000003,220.04500000000002,1,0.0,0.0,0.0,49,6,Website,0
24,Male,Married,Low,6,985.19,164.19833333333335,3,0.0,0.0,0.0,18,12,Website,0
56,Male,Married,High,6,1858.01,309.66833333333335,4,0.0,0.0,0.0,12,163,Website,0
56,Male,Married,High,7,1708.06,244.00857142857143,4,2.0,1.0,0.0,19,17,Online Banking,1
29,Male,Married,High,1,358.81,358.81,1,1.0,0.0,0.0,36,348,Website,0
68,Female,Single,Medium,4,1268.83,317.2075,3,2.0,1.0,1.0,38,107,Online Banking,0
39,Male,Single,High,8,2710.07,338.75875,3,0.0,0.0,0.0,16,246,Website,0
68,Male,Divorced,Medium,3,868.72,289.5733333333333,3,0.0,0.0,0.0,46,73,Website,0
68,Female,Married,Low,1,488.21,488.21,1,2.0,0.0,0.0,8,3,Mobile App,0
69,Female,Divorced,High,8,2066.71,258.33875,4,0.0,0.0,0.0,9,30,Website,0
20,Female,Widowed,Low,8,1940.62,242.5775,5,1.0,0.0,0.0,4,103,Online Banking,0
30,Female,Married,High,7,2189.5499999999997,312.7928571428571,3,0.0,0.0,0.0,36,215,Website,0
47,Male,Single,Medium,8,2181.62,272.7025,5,0.0,0.0,0.0,47,149,Website,0
27,Male,Married,Low,1,328.09,328.09,1,1.0,0.0,0.0,38,174,Online Banking,0
69,Female,Widowed,High,7,1311.23,187.31857142857143,4,2.0,0.0,0.0,49,52,Online Banking,0
26,Female,Divorced,Low,1,189.28,189.28,1,2.0,1.0,0.0,49,275,Website,0
23,Male,Married,Medium,3,745.26,248.42,2,0.0,0.0,0.0,45,113,Website,0
61,Male,Single,Medium,7,776.71,110.95857142857143,5,2.0,1.0,1.0,4,78,Website,0
19,Male,Widowed,High,9,2069.03,229.89222222222224,5,1.0,0.0,0.0,8,88,Online Banking,0
61,Female,Widowed,High,9,2431.0299999999997,270.1144444444444,4,2.0,0.0,0.0,43,357,Mobile App,0
33,Female,Divorced,Low,7,2197.83,313.9757142857143,3,1.0,1.0,0.0,7,133,Mobile App,0
30,Female,Married,Medium,4,812.28,203.07,2,2.0,1.0,0.0,3,296,Website,0
65,Male,Single,Medium,3,436.94,145.64666666666668,3,1.0,0.0,0.0,1,119,Online Banking,0
30,Male,Married,High,4,306.88,76.72,2,0.0,0.0,0.0,4,340,Mobile App,0
39,Male,Single,Medium,2,369.47,184.735,2,2.0,0.0,0.0,1,306,Mobile App,0
36,Female,Divorced,Medium,5,1602.17,320.434,3,2.0,0.0,0.0,46,292,Website,0
43,Female,Widowed,Medium,1,183.21,183.21,1,1.0,0.0,0.0,42,350,Mobile App,0
31,Male,Divorced,Low,9,3026.91,336.3233333333333,4,2.0,1.0,0.0,38,79,Mobile App,0
48,Male,Widowed,Low,3,983.26,327.75333333333333,2,2.0,0.0,0.0,37,133,Mobile App,0
46,Female,Married,Low,7,1649.0800000000002,235.58285714285716,5,0.0,0.0,0.0,12,97,Mobile App,0
62,Female,Widowed,Medium,8,1403.03,175.37875,4,1.0,0.0,0.0,42,40,Online Banking,0
59,Female,Single,High,8,2125.28,265.66,5,2.0,1.0,1.0,10,133,Mobile App,0
39,Male,Divorced,High,9,2794.0,310.44444444444446,4,1.0,0.0,0.0,47,357,Online Banking,0
24,Male,Widowed,High,1,38.78,38.78,1,1.0,0.0,0.0,1,16,Website,1
54,Female,Widowed,Low,3,353.54,117.84666666666668,2,1.0,0.0,0.0,2,284,Online Banking,0
66,Male,Married,Medium,2,517.94,258.97,2,0.0,0.0,0.0,12,352,Website,0
58,Female,Married,Low,7,1040.2,148.6,4,2.0,0.0,0.0,39,106,Online Banking,0
44,Male,Married,Low,4,762.78,190.695,3,1.0,1.0,0.0,48,193,Mobile App,1
48,Male,Single,High,7,1684.39,240.62714285714287,3,1.0,1.0,0.0,36,38,Mobile App,0
23,Male,Married,High,8,1222.55,152.81875,5,1.0,0.0,0.0,7,35,Online Banking,0
33,Female,Widowed,Medium,5,1235.8,247.16,4,0.0,0.0,0.0,38,273,Website,1
55,Male,Single,Low,1,54.82,54.82,1,0.0,0.0,0.0,25,208,Website,0
55,Female,Married,Medium,9,1865.09,207.23222222222222,4,2.0,1.0,1.0,3,26,Website,0
67,Male,Widowed,Low,3,718.24,239.41333333333333,2,0.0,0.0,0.0,27,333,Online Banking,0
49,Female,Single,Medium,4,797.14,199.285,3,0.0,0.0,0.0,24,138,Online Banking,0
50,Female,Widowed,Low,3,1058.9,352.9666666666667,2,0.0,0.0,0.0,27,308,Mobile App,0
66,Female,Married,Medium,9,1915.01,212.7788888888889,5,1.0,1.0,1.0,6,155,Mobile App,0
34,Female,Married,Low,1,267.44,267.44,1,2.0,0.0,0.0,25,106,Mobile App,0
50,Female,Single,Low,7,1722.8,246.1142857142857,4,2.0,1.0,1.0,43,154,Website,0
28,Male,Divorced,High,7,1786.6,255.22857142857143,4,0.0,0.0,0.0,31,193,Online Banking,0
30,Male,Widowed,Low,6,1176.86,196.14333333333332,4,0.0,0.0,0.0,44,123,Mobile App,0
47,Female,Widowed,High,8,1799.3600000000001,224.92000000000002,3,1.0,0.0,0.0,9,236,Mobile App,0
18,Female,Divorced,Medium,4,1140.8200000000002,285.20500000000004,4,0.0,0.0,0.0,39,82,Mobile App,1
47,Female,Divorced,High,7,1547.47,221.06714285714287,4,0.0,0.0,0.0,29,18,Website,1
44,Male,Widowed,Low,9,2059.02,228.78,4,1.0,0.0,0.0,14,85,Mobile App,0
57,Female,Single,High,6,1778.2,296.3666666666667,4,1.0,0.0,0.0,36,57,Online Banking,0
40,Male,Divorced,High,3,1135.0,378.3333333333333,3,1.0,1.0,1.0,29,144,Website,0
37,Female,Married,Medium,9,2462.85,273.65,4,2.0,0.0,0.0,43,325,Website,0
23,Male,Single,High,2,760.13,380.065,2,1.0,0.0,0.0,41,282,Website,1
54,Female,Divorced,Medium,5,1930.4099999999999,386.082,4,0.0,0.0,0.0,38,346,Mobile App,1
37,Male,Married,Medium,1,157.62,157.62,1,0.0,0.0,0.0,22,243,Online Banking,1
54,Male,Married,High,5,1462.34,292.46799999999996,4,0.0,0.0,0.0,12,209,Mobile App,1
23,Female,Widowed,Low,8,2584.66,323.0825,4,2.0,0.0,0.0,40,225,Website,0
46,Female,Single,Medium,1,358.27,358.27,1,0.0,0.0,0.0,49,319,Online Banking,0
30,Female,Divorced,High,2,809.61,404.805,1,0.0,0.0,0.0,26,144,Website,0
44,Female,Married,Medium,5,1985.28,397.056,3,1.0,0.0,0.0,46,297,Mobile App,0
67,Male,Widowed,High,1,350.46,350.46,1,1.0,0.0,0.0,28,210,Online Banking,0
37,Male,Divorced,High,1,74.06,74.06,1,2.0,1.0,1.0,21,247,Website,0
30,Male,Married,Low,1,282.29,282.29,1,1.0,0.0,0.0,27,48,Mobile App,0
56,Male,Widowed,High,4,939.39,234.8475,3,2.0,0.0,0.0,33,65,Website,1
25,Male,Married,Medium,9,2591.57,287.95222222222225,5,0.0,0.0,0.0,29,157,Mobile App,0
34,Male,Widowed,Medium,7,1842.6599999999999,263.2371428571428,4,2.0,1.0,1.0,24,277,Mobile App,1
47,Female,Widowed,Low,3,695.9300000000001,231.9766666666667,3,1.0,0.0,0.0,32,196,Website,0
18,Male,Single,Medium,1,394.48,394.48,1,0.0,0.0,0.0,6,40,Website,0
41,Male,Divorced,Low,7,1536.43,219.49,5,2.0,2.0,0.5,27,272,Mobile App,0
33,Male,Widowed,High,6,1440.83,240.13833333333332,3,0.0,0.0,0.0,16,101,Website,0
28,Female,Married,High,7,1539.42,219.91714285714286,5,0.0,0.0,0.0,36,202,Online Banking,0
21,Male,Divorced,High,2,398.92,199.46,2,1.0,0.0,0.0,47,288,Website,0
21,Female,Divorced,Low,5,1280.1000000000001,256.02000000000004,3,2.0,2.0,0.5,30,211,Website,0
34,Male,Divorced,Medium,5,541.1999999999999,108.23999999999998,4,0.0,0.0,0.0,15,165,Website,0
66,Male,Single,Medium,3,451.82,150.60666666666665,3,0.0,0.0,0.0,8,49,Mobile App,0
27,Female,Widowed,High,3,589.06,196.35333333333332,3,1.0,0.0,0.0,31,240,Website,1
38,Male,Widowed,Medium,5,1416.12,283.224,4,0.0,0.0,0.0,9,323,Mobile App,1
55,Male,Widowed,Low,4,956.3,239.075,3,0.0,0.0,0.0,42,203,Online Banking,0
66,Female,Widowed,Low,4,1085.17,271.2925,2,0.0,0.0,0.0,21,254,Online Banking,0
35,Female,Married,Low,7,1494.92,213.56,4,2.0,1.0,1.0,39,54,Online Banking,0
27,Male,Widowed,Low,1,344.33,344.33,1,1.0,0.0,0.0,39,287,Website,0
62,Male,Divorced,Medium,9,2580.58,286.7311111111111,5,2.0,1.0,0.0,43,72,Website,0
33,Female,Widowed,Low,6,2009.3200000000002,334.8866666666667,4,0.0,0.0,0.0,20,165,Online Banking,0
56,Female,Widowed,Medium,6,1453.74,242.29,4,2.0,1.0,1.0,26,24,Website,0
32,Female,Widowed,High,3,858.04,286.0133333333333,3,0.0,0.0,0.0,38,73,Online Banking,0
51,Female,Widowed,Medium,1,32.8,32.8,1,0.0,0.0,0.0,43,214,Mobile App,0
22,Male,Single,Low,5,972.8,194.56,4,1.0,1.0,1.0,14,225,Online Banking,0
34,Male,Divorced,Medium,1,285.35,285.35,1,0.0,0.0,0.0,48,45,Online Banking,0
54,Female,Single,High,6,1553.52,258.92,3,2.0,0.0,0.0,41,325,Online Banking,0
25,Male,Divorced,High,3,964.3299999999999,321.4433333333333,2,2.0,0.0,0.0,21,245,Mobile App,0
41,Female,Widowed,High,4,1021.08,255.27,3,2.0,0.0,0.0,19,272,Online Banking,1
45,Female,Widowed,Medium,3,660.3299999999999,220.10999999999999,2,2.0,0.0,0.0,14,106,Online Banking,0
64,Male,Divorced,Low,9,2348.82,260.98,4,2.0,0.0,0.0,9,294,Online Banking,0
25,Female,Divorced,Low,1,213.98,213.98,1,1.0,1.0,1.0,42,174,Mobile App,1
40,Female,Single,Medium,7,2097.75,299.67857142857144,3,0.0,0.0,0.0,4,230,Mobile App,1
52,Male,Single,Low,1,230.71,230.71,1,0.0,0.0,0.0,23,248,Online Banking,0
48,Male,Married,Low,2,344.12,172.06,2,1.0,0.0,0.0,22,349,Online Banking,0
34,Female,Married,Medium,4,1296.96,324.24,3,1.0,1.0,1.0,20,251,Online Banking,0
45,Male,Single,High,6,748.6800000000001,124.78000000000002,4,2.0,1.0,1.0,19,285,Website,1
65,Male,Married,Low,2,283.95,141.975,2,0.0,0.0,0.0,19,76,Mobile App,1
65,Male,Single,High,3,1105.44,368.48,1,0.0,0.0,0.0,23,67,Mobile App,0
68,Male,Single,Low,1,56.53,56.53,1,0.0,0.0,0.0,31,75,Website,0
29,Male,Single,High,6,1789.81,298.3016666666667,4,0.0,0.0,0.0,46,111,Mobile App,0
41,Male,Married,High,7,1892.1799999999998,270.31142857142856,4,0.0,0.0,0.0,19,109,Mobile App,1
32,Female,Divorced,Low,2,557.62,278.81,2,0.0,0.0,0.0,44,318,Online Banking,0
57,Male,Widowed,Low,3,772.3399999999999,257.44666666666666,2,2.0,1.0,0.0,20,327,Online Banking,0
48,Female,Married,Medium,7,1465.5,209.35714285714286,5,1.0,1.0,1.0,26,109,Mobile App,0
44,Female,Widowed,Low,7,1711.28,244.46857142857144,4,1.0,0.0,0.0,6,228,Website,1
52,Female,Widowed,Low,8,2079.5,259.9375,4,1.0,1.0,1.0,28,242,Online Banking,0
35,Male,Divorced,Medium,1,285.43,285.43,1,0.0,0.0,0.0,41,100,Website,0
53,Male,Married,High,6,913.21,152.20166666666668,3,1.0,0.0,0.0,4,195,Mobile App,1
25,Female,Widowed,Medium,5,1395.3000000000002,279.06000000000006,2,2.0,2.0,0.5,49,237,Mobile App,0
63,Female,Divorced,High,8,1127.04,140.88,4,1.0,1.0,0.0,44,245,Website,0
66,Female,Divorced,Medium,5,1752.58,350.51599999999996,4,2.0,0.0,0.0,9,303,Website,0
55,Female,Single,Low,7,1392.61,198.9442857142857,4,2.0,1.0,0.0,49,54,Online Banking,0
22,Male,Married,Low,7,1683.65,240.52142857142857,5,0.0,0.0,0.0,14,207,Mobile App,1
31,Female,Widowed,High,9,2543.12,282.56888888888886,5,2.0,1.0,1.0,31,321,Website,0
55,Male,Divorced,Low,7,1530.42,218.6314285714286,5,2.0,2.0,1.0,29,159,Website,1
37,Female,Widowed,High,1,483.5,483.5,1,2.0,1.0,1.0,49,208,Mobile App,1
61,Male,Married,Medium,3,801.36,267.12,2,0.0,0.0,0.0,22,106,Website,0
26,Male,Single,Low,1,311.62,311.62,1,1.0,0.0,0.0,9,281,Website,0
50,Female,Widowed,High,1,81.64,81.64,1,0.0,0.0,0.0,11,5,Website,0
35,Female,Single,Medium,9,1801.34,200.14888888888888,4,2.0,2.0,1.0,25,162,Mobile App,0
23,Female,Divorced,Low,5,1020.0,204.0,4,1.0,0.0,0.0,34,154,Website,1
54,Female,Single,Low,1,227.25,227.25,1,0.0,0.0,0.0,38,337,Mobile App,0
19,Male,Widowed,High,2,419.82,209.91,2,0.0,0.0,0.0,5,275,Mobile App,0
47,Male,Married,Low,1,252.15,252.15,1,0.0,0.0,0.0,47,175,Website,0
23,Male,Widowed,High,9,2393.2599999999998,265.91777777777776,4,0.0,0.0,0.0,23,358,Website,0
34,Male,Widowed,Low,6,1670.79,278.465,3,0.0,0.0,0.0,22,141,Mobile App,0
